protein_id,length
A0A011QK89,388
A0A023VXA2,349
A0A024SC78,248
A0A060S684,585
A0A067YBQ3,451
A0A068J840,475
A0A068Q609,526
A0A072UR65,379
A0A073CEA3,202
A0A075FBG7,580
A0A077K9K6,407
A0A077LPS9,407
A0A088MF62,362
A0A096P8D3,470
A0A096XJN4,485
A0A096ZEC9,328
A0A0A1GNF2,293
A0A0A1H8I4,262
A0A0A1HA03,457
A0A0A6ZFR4,451
A0A0A6ZFY4,442
A0A0A7EQR3,474
A0A0A7GEY4,319
A0A0B4FWC3,332
A0A0B4G504,331
A0A0B4ZTQ2,408
A0A0C2SRU5,206
A0A0C5Q4Y6,493
A0A0D4BSP3,237
A0A0E0SNE8,323
A0A0E3USC3,275
A0A0E4AFH6,384
A0A0F6B4W4,267
A0A0G4DBR5,459
A0A0H2V630,371
A0A0H2V660,409
A0A0H2V871,318
A0A0H2WWB5,333
A0A0H2WWP1,452
A0A0H2WWV6,493
A0A0H2WZ38,243
A0A0H2ZF83,547
A0A0H2ZGN6,324
A0A0H2ZH52,323
A0A0H2ZQL5,264
A0A0H3AFM6,321
A0A0H3GDH9,466
A0A0H3H456,472
A0A0H3JUG6,240
A0A0H3JUU7,437
A0A0H3JVA1,573
A0A0H3JXA8,272
A0A0H3LX82,405
A0A0H5BMX5,440
A0A0H5BN57,329
A0A0J5WTU0,303
A0A0K0JFP3,572
A0A0K0PVL3,472
A0A0K0PVW1,472
A0A0K8P6T7,290
A0A0N7F297,519
A0A0N9HMN6,372
A0A0R4IDP3,328
A0A0S1RVB0,263
A0A0S1TPC7,500
A0A0S1TQ04,499
A0A0S2UQQ5,380
A0A0U2UYC4,493
A0A120HUS7,271
A0A140C435,397
A0A140IL90,513
A0A140KFG9,554
A0A140N890,230
A0A140NCB4,262
A0A140NDS5,256
A0A142ZC57,444
A0A144A134,444
A0A150XSC5,376
A0A151EH88,329
A0A161CAI1,356
A0A162J448,501
A0A163UT06,277
A0A172U6X0,286
A0A178U9Y5,592
A0A193AUF6,506
A0A1B1J8Z2,397
A0A1B4XBG5,367
A0A1B4XBH2,544
A0A1C5G2V9,305
A0A1C9U5X5,363
A0A1D3PCI9,333
A0A1D3PCK2,262
A0A1D6EFT8,557
A0A1D8PEL1,431
A0A1D8PJA8,467
A0A1D8PJX3,213
A0A1D8PLH0,432
A0A1D8PPK1,407
A0A1D8PS71,461
A0A1E4S2P1,336
A0A1E7MYN1,555
A0A1H7TQR5,438
A0A1I4KS07,341
A0A1I9Q5Z0,481
A0A1I9R3Y5,234
A0A1J1EM40,452
A0A1L2D3T3,563
A0A1L4BJ46,232
A0A1L7VZE7,401
A0A1P8B760,512
A0A1P8B8F8,569
A0A1S4CL59,351
A0A1S4F020,412
A0A1U8QLG8,397
A0A1U9YI11,179
A0A1U9YI21,239
A0A1V0ELS9,374
A0A1V0QSA8,339
A0A1W2PR19,241
A0A221J5P3,387
A0A221J5X1,397
A0A286LF02,507
A0A291LSD6,571
A0A291P0C1,435
A0A2G3D6U1,440
A0A2H3E4G0,356
A0A2H4DGV8,495
A0A2I1D2M7,584
A0A2I2F272,405
A0A2I6B3P0,490
A0A2I7G3B3,379
A0A2I9,359
A0A2J8C362,295
A0A2K3DU55,269
A0A2L0VXR5,350
A0A2P1DP90,338
A0A2P6MHY1,287
A0A2R4QKX7,561
A0A2R6PI27,355
A0A2R6Q8R5,456
A0A2R6QXF8,457
A0A2S1WBY6,356
A0A2T5Y4G4,323
A0A2U7XUE3,209
A0A2U8U2L5,430
A0A314KSQ4,580
A0A348AUV7,554
A0A348AXX5,538
A0A348B779,338
A0A348B782,340
A0A348HAY2,364
A0A364LXP7,564
A0A381HBN1,351
A0A384JJE6,322
A0A384KG77,243
A0A385AJN0,325
A0A386JVA3,403
A0A3L6G998,547
A0A3M6TIF0,432
A0A3Q7GYG2,356
A0A3Q7HS74,475
A0A3Q7HWE4,165
A0A3Q8GYY4,268
A0A3S5YBC7,492
A0A3S7WQS5,595
A0A411EW25,361
A0A455LLX4,198
A0A455ZJC3,398
A0A4P8DY91,364
A0A4S8MAF3,353
A0A4V2JTK3,308
A0A4V8H040,196
A0A4V8H042,377
A0A4Z3,339
A0A509AKB8,473
A0A5B8NIM2,262
A0A5B8Z1N3,494
A0A5C1ZXT8,178
A0A5J6BJN2,242
A0A5Q0QMX1,353
A0A5Q0QNJ2,389
A0A5Q0QSI8,430
A0A5Q0QU70,358
A0A5S9I252,386
A0A6C7EEG6,523
A0A6J1SUS3,431
A0A7G5KLV0,590
A0A7G5KLV1,561
A0A7R7ZDZ6,273
A0A7W3N5X5,226
A0A7W3RCJ3,477
A0A7W3RDA3,446
A0A858E4Y8,324
A0A8A1G1R1,514
A0A8B6XWW9,341
A0A8C2MDK8,438
A0A8F4N283,245
A0A8F5SIS3,260
A0AFT8,121
A0AIH1,355
A0AK73,332
A0B3Z7,515
A0B5C3,267
A0B5R0,311
A0B632,545
A0B6A6,224
A0B6K7,226
A0B6L2,392
A0B742,399
A0B7U9,392
A0B7V0,267
A0B7V2,413
A0B880,262
A0B999,269
A0B9D8,208
A0B9M2,256
A0E3W6,233
A0JC77,274
A0JPF9,462
A0JTE5,109
A0JZP6,599
A0K5T4,205
A0K6Q0,524
A0KEG6,248
A0KGY4,547
A0KJM0,279
A0KLP0,376
A0KMH0,338
A0KPP9,342
A0KU76,449
A0KYQ5,394
A0L3L9,270
A0L407,225
A0L408,445
A0L486,121
A0L4K6,249
A0L4N8,253
A0L5M8,310
A0L5N1,370
A0L5N9,313
A0L5T9,327
A0L5U5,296
A0L678,358
A0L7P3,255
A0L7R4,326
A0L887,487
A0L8H9,303
A0LBW3,559
A0LC14,214
A0LCF5,252
A0LDT6,421
A0LDX4,294
A0LEL7,362
A0LFB7,456
A0LGZ0,197
A0LHQ7,581
A0LIM0,444
A0LK12,505
A0LLH7,220
A0LLI5,248
A0LMC1,277
A0LPR5,355
A0LRH8,356
A0LTT2,142
A0LUD3,165
A0LV84,105
A0LVX1,341
A0LVY3,414
A0LW30,292
A0LWS4,191
A0LXL9,353
A0M4S0,285
A0M4U6,151
A0M554,299
A0M7A5,207
A0MH68,493
A0NLY7,263
A0PDV5,430
A0PJZ3,443
A0PM50,390
A0PR19,336
A0PTP8,367
A0PU93,130
A0PV27,468
A0PXA5,379
A0PXB6,324
A0PYU9,317
A0Q2N5,306
A0Q3W9,226
A0Q4Y5,332
A0Q635,225
A0Q6K9,349
A0Q6Z1,333
A0Q8A2,369
A0QAA9,357
A0QNG3,491
A0QRI8,409
A0QS28,554
A0QTF8,327
A0QTU8,542
A0QU51,325
A0QUZ2,322
A0QWG6,386
A0QWT2,414
A0QXE4,580
A0QYE8,478
A0QYS5,469
A0QZ49,498
A0R043,382
A0R066,368
A0R1V9,195
A0R211,406
A0R3C4,324
A0R3H2,194
A0R3N5,104
A0R4Q2,551
A0R5N1,423
A0R5T3,354
A0R607,460
A0R756,263
A0R758,571
A0R7G6,363
A0RD64,179
A0RI44,212
A0RJN9,404
A0RK86,376
A0RM81,223
A0RMK7,329
A0RMQ7,271
A0RMY9,416
A0RP54,399
A0RQR9,458
A0RTP4,201
A0RTV6,193
A0RU64,479
A0RU67,341
A0RU82,287
A0RUA5,488
A0RUI8,476
A0RV30,376
A0RW02,273
A0RWW0,348
A0RXF8,417
A0RXT6,228
A0RXV1,210
A0RY20,562
A0RYM1,247
A0RYU6,379
A0RZ28,310
A0RZ60,446
A0ZZH6,504
A1A0U7,488
A1A1R9,460
A1A2F2,365
A1A2Z2,459
A1A3D2,344
A1A3W4,308
A1A4Q9,195
A1A5Z0,339
A1A6H3,379
A1A8P3,183
A1ABP5,249
A1ACS1,193
A1ADA6,322
A1ADJ6,307
A1AHB7,332
A1AIR1,478
A1AN86,437
A1APW8,323
A1ATF5,361
A1ATI7,267
A1AV04,273
A1AV41,221
A1AV54,213
A1AVE9,285
A1AW02,269
A1AWQ3,127
A1AXA3,315
A1AY86,299
A1B196,316
A1B198,369
A1B1C2,103
A1B3I3,107
A1B8Z1,387
A1B8Z3,396
A1BDG1,131
A1BGS9,204
A1BJF6,320
A1C9D4,272
A1CSZ8,308
A1CWF3,403
A1D415,423
A1DA61,411
A1DA65,504
A1DA66,393
A1DBG6,552
A1DEK3,573
A1DJ20,453
A1DJ47,450
A1DMD5,512
A1IHE6,533
A1IHE7,401
A1IIX2,409
A1IIX5,179
A1IPQ8,250
A1IRQ3,324
A1JHN0,370
A1JIJ2,234
A1JJ89,347
A1JN84,201
A1JPI0,273
A1JRR3,313
A1JSN7,481
A1K3E5,263
A1K7V8,117
A1KG30,326
A1KIH4,274
A1KQF4,468
A1KUT0,248
A1KV07,305
A1KV88,367
A1KVW0,461
A1KXI1,266
A1L1C5,175
A1L2Q8,274
A1L4V7,427
A1R0C2,239
A1R0L0,188
A1R1K8,384
A1R2B5,328
A1R587,316
A1R674,332
A1R7J5,378
A1R8Y2,323
A1RAI8,301
A1RH87,256
A1RMG0,369
A1RSN2,228
A1RT34,211
A1RTB8,382
A1RTD5,411
A1RU12,255
A1RUA0,227
A1RUA9,120
A1RV58,342
A1RVH4,305
A1RVJ1,176
A1RWC8,227
A1RX71,204
A1RXB2,204
A1RXJ4,232
A1RXS9,445
A1RY04,232
A1RYS1,556
A1RYX5,182
A1RZ10,282
A1RZJ9,347
A1S066,284
A1S2F9,360
A1S7A3,237
A1S987,233
A1SBR7,319
A1SE17,537
A1SG03,267
A1SGT4,371
A1SJF7,110
A1SJG9,161
A1SKY7,382
A1SMU5,369
A1SPL0,295
A1SR31,191
A1SS88,256
A1SSB8,444
A1SSU3,102
A1SSY6,210
A1STJ9,545
A1SWR2,245
A1SX22,382
A1SYY0,101
A1SZ19,349
A1T086,186
A1T273,254
A1T2Y9,389
A1T8U6,380
A1T9S1,416
A1TC01,225
A1TC97,342
A1TKA9,292
A1TND7,116
A1TWI0,184
A1TXT7,429
A1TZ35,185
A1TZ52,351
A1U1J4,358
A1U204,351
A1U2T9,278
A1U388,357
A1U3C2,216
A1U4A9,234
A1UG51,388
A1UGV8,410
A1UK06,550
A1UKE3,308
A1ULM8,220
A1USU8,449
A1V5A8,165
A1VAZ5,455
A1VBA6,209
A1VC40,204
A1VC53,489
A1VD51,287
A1VDX6,395
A1VEG3,218
A1VEV5,249
A1VF25,165
A1VF70,245
A1VG02,309
A1VGB0,323
A1VT30,255
A1VW83,101
A1VWK8,455
A1VXU6,342
A1VZ68,234
A1W0U6,274
A1W1X7,293
A1WC11,501
A1WFT0,129
A1WGS0,298
A1WSY4,209
A1WTJ3,342
A1WVM4,295
A1WW41,557
A1WWP8,484
A1WXH5,175
A1WXL3,339
A1WYS6,267
A1WYV1,324
A1WZE9,153
A1XP58,241
A1XWY7,454
A1YPR3,183
A1YYW7,559
A1ZAI3,543
A2A1A1,196
A2BIS8,241
A2BIT1,429
A2BIU7,302
A2BIX4,292
A2BJU0,502
A2BJU2,305
A2BKX3,272
A2BL86,187
A2BLC0,537
A2BLE8,387
A2BLL6,202
A2BLM0,226
A2BN24,204
A2BP65,517
A2BUK0,298
A2BXK2,409
A2BZ72,283
A2BZ74,370
A2BZ97,363
A2BZC5,494
A2BZH4,147
A2BZV6,211
A2C0M6,496
A2C129,266
A2C243,284
A2C2A5,172
A2C472,348
A2C5P1,386
A2C808,499
A2C9U9,316
A2C9Z7,333
A2CDU0,349
A2CE29,401
A2E3C6,327
A2Q9N7,475
A2QA23,593
A2QAP8,329
A2QM49,582
A2QTU0,495
A2QW66,434
A2R6F5,335
A2RI77,349
A2RK45,220
A2RNW2,166
A2RSX7,315
A2SDV6,294
A2SJ45,297
A2SPT0,415
A2SQG6,219
A2SQG9,314
A2SQI5,410
A2SQK1,397
A2SQR0,236
A2SRK7,303
A2SRL0,282
A2SSW4,405
A2STU3,443
A2SU08,345
A2TBU2,344
A2TIL1,522
A2VBC4,322
A2XDA1,578
A2XFC1,442
A2XI04,296
A2Y953,382
A2Z7B3,378
A3BMZ5,510
A3CL78,306
A3CL81,432
A3CRP6,430
A3CSK8,411
A3CTT5,492
A3CUB9,234
A3CV31,328
A3CVJ3,203
A3CWS6,305
A3CWU5,234
A3CX71,360
A3D186,274
A3D555,245
A3D5N2,294
A3D7P1,156
A3DAS4,206
A3DBD7,283
A3DBX3,334
A3DCC8,407
A3DDD8,394
A3DDZ2,339
A3DEQ2,431
A3DIE8,331
A3DIJ8,156
A3DL59,219
A3DLP6,276
A3DLV7,267
A3DM49,203
A3DM64,176
A3DM71,199
A3DMH6,207
A3DMM2,224
A3DNN7,238
A3DNY5,184
A3F5F0,278
A3GGU3,268
A3KG59,431
A3KGT9,443
A3KKC4,364
A3KPF2,528
A3LP72,170
A3LXS6,420
A3LZU7,258
A3LZU8,336
A3M154,189
A3M311,271
A3M684,209
A3M6H8,275
A3M9D1,324
A3MT36,429
A3MTK6,213
A3MTW6,293
A3MV81,221
A3MWC5,195
A3MWK6,421
A3MX10,175
A3MXE6,308
A3N1H8,370
A3N6H3,416
A3PBB9,216
A3PBY5,449
A3PF83,236
A3PK37,270
A3PKR6,214
A3PRU3,516
A3Q1A9,283
A3Q339,568
A3QBR4,283
A3QGR1,377
A3QJA4,196
A3QVP0,449
A3RF67,547
A3SLM3,447
A3SQG3,338
A3UNN4,249
A4D0H5,511
A4F7P3,421
A4F7P5,306
A4F910,271
A4F9Z0,274
A4FA49,293
A4FBB2,182
A4FDY3,337
A4FG18,285
A4FG19,354
A4FHB5,391
A4FLG1,367
A4FQD4,303
A4FW93,313
A4FW99,179
A4FWY9,181
A4FY94,427
A4FZL0,505
A4FZP2,301
A4G060,384
A4G0J0,256
A4G0Y3,366
A4G1K0,385
A4G646,248
A4G8N3,273
A4HYT9,344
A4IHS0,448
A4II32,271
A4IP00,372
A4IP94,404
A4ISB9,387
A4IT49,185
A4IT50,179
A4IT57,428
A4IU28,440
A4IVY3,481
A4IX64,371
A4IZG9,416
A4J049,286
A4J0P1,282
A4J1M3,321
A4J246,228
A4J2B3,303
A4J3D2,147
A4J5C7,228
A4J708,246
A4JE23,276
A4JQH4,546
A4KDP0,425
A4Q8F7,444
A4Q8G1,468
A4Q998,353
A4QA10,334
A4QFS2,251
A4QGM2,397
A4QGP6,135
A4QH48,232
A4QQ05,200
A4RPM5,490
A4RQ11,526
A4SDF5,282
A4SDH2,333
A4SG02,219
A4SG19,116
A4SG83,137
A4SGA5,521
A4SQJ9,282
A4SRB7,352
A4SRS5,236
A4STB6,178
A4SVJ6,345
A4SXQ5,252
A4T067,294
A4T2V6,232
A4T413,169
A4T7U4,352
A4TK48,392
A4TL87,398
A4TRG1,367
A4TSE5,567
A4VCH0,586
A4VHV6,526
A4VLV4,235
A4VS64,514
A4W2Z7,203
A4W5B9,258
A4W6S6,262
A4WCP8,258
A4WG30,421
A4WHB8,185
A4WK37,212
A4WKR0,333
A4WKX3,395
A4WLG8,413
A4WMI6,415
A4WN19,249
A4X5V6,595
A4X776,306
A4X7Y6,378
A4X981,448
A4XB85,319
A4XBL2,208
A4XFZ6,242
A4XG24,256
A4XGB8,330
A4XH45,449
A4XI71,308
A4XIS1,463
A4XJI3,429
A4XK06,290
A4XMY4,433
A4XTK4,376
A4XUP3,378
A4Y2C8,103
A4YAP3,570
A4YD25,598
A4YDT1,564
A4YEU7,237
A4YHB7,447
A4YHI8,254
A4YHV8,204
A4YI21,284
A4YI40,455
A4YIL0,540
A4YJT8,279
A4YNQ7,356
A5BFI4,480
A5C9M2,392
A5CRB9,588
A5CRI6,502
A5CS50,476
A5CSN2,277
A5CVC5,113
A5CVZ7,244
A5CW51,242
A5CW53,469
A5CW55,293
A5CWE3,351
A5CWS3,167
A5CX20,260
A5CY49,112
A5CYZ0,325
A5CZ28,434
A5D147,455
A5D2A7,126
A5D2C2,430
A5D504,347
A5D6U8,443
A5DCB6,399
A5DDJ4,580
A5DM91,445
A5DND6,341
A5DNJ4,317
A5DUA7,249
A5E5C5,300
A5E8G9,222
A5EB56,324
A5EES6,216
A5EUT5,241
A5EV79,337
A5EV80,358
A5EVW7,174
A5EW39,190
A5EW54,357
A5EW69,244
A5EWL9,314
A5EWS0,442
A5EWT6,235
A5EXK6,272
A5EY04,397
A5EY11,308
A5EY21,310
A5EY60,272
A5EY64,221
A5EZZ8,546
A5F5X0,415
A5F5X3,376
A5F7B3,384
A5F7C0,287
A5F7F2,233
A5FAX4,190
A5FBA3,244
A5FFX7,240
A5FH28,356
A5FJK8,243
A5FK26,244
A5FKD7,235
A5FLE7,341
A5FLZ0,193
A5FNE6,340
A5FPU2,359
A5FQ55,373
A5FQS4,423
A5FRP8,223
A5FRZ6,222
A5FRZ7,359
A5FSR7,418
A5FUG6,232
A5FVE7,486
A5FWG7,358
A5FYH8,339
A5FYL0,321
A5FZ94,205
A5FZB8,401
A5FZE9,243
A5G2M7,181
A5G3A0,267
A5G4S7,217
A5GA17,307
A5GCT1,259
A5GD74,234
A5GDA4,406
A5GDW7,339
A5GJ48,242
A5GKI2,578
A5GKW4,358
A5GMY0,333
A5GR42,249
A5GR53,185
A5GS00,117
A5GTA8,301
A5GWG3,406
A5HV13,478
A5I0B2,290
A5I2A9,297
A5I798,319
A5IBF8,272
A5IBU7,444
A5ICX5,323
A5ID77,250
A5IDI1,113
A5IG81,344
A5II63,208
A5IK72,253
A5IKK7,474
A5IL06,451
A5IL77,225
A5IL80,430
A5ILI6,357
A5ILJ9,271
A5IM62,294
A5IMC0,284
A5IQ73,186
A5IVB2,412
A5IW62,411
A5IXT6,427
A5IXW4,150
A5IZ80,353
A5IZG6,221
A5JTM6,528
A5JYS0,426
A5JYX5,309
A5K6G1,481
A5K6W4,184
A5N0Q2,331
A5N2L5,291
A5N2N5,430
A5N376,391
A5N4M5,231
A5N5Y0,399
A5N5Y1,422
A5N6T4,453
A5N6V8,245
A5N8G4,344
A5PJG7,275
A5PK65,118
A5U003,363
A5U4N0,324
A5UA18,362
A5UA30,179
A5UAX6,411
A5UEI5,412
A5UGA0,568
A5UGS9,263
A5UJ44,379
A5UK20,190
A5ULI6,153
A5ULV3,208
A5UM16,339
A5UMS3,138
A5UNK4,298
A5USV3,400
A5UU33,425
A5UUW9,592
A5UVB2,238
A5UVE4,199
A5UVX7,455
A5UXG2,261
A5V1H2,288
A5V3L9,291
A5V9E5,248
A5VDC5,473
A5VK00,348
A5VM22,332
A5VTT4,502
A5VXJ2,110
A5VZT3,354
A5W4F1,187
A5W4G5,259
A5W9W6,473
A5WBS1,265
A5WEG6,487
A5WGF9,429
A5WH56,339
A5WI39,130
A5YBJ7,346
A6GXW4,282
A6GYX5,256
A6GZH5,195
A6GZJ6,172
A6H098,214
A6H0H4,411
A6H0V1,213
A6H162,285
A6H1A2,291
A6H1N2,210
A6H1P4,447
A6H233,211
A6H751,585
A6K136,372
A6KWM0,592
A6KXB3,312
A6L0W0,190
A6L1E7,199
A6L3D0,358
A6L532,234
A6L585,587
A6L645,208
A6L7E5,280
A6L7M8,331
A6L7N0,205
A6L890,494
A6LAM0,283
A6LAM2,345
A6LCB6,153
A6LCZ1,499
A6LEM6,457
A6LEU2,462
A6LJP2,188
A6LKW9,368
A6LL73,200
A6LMR3,247
A6LNG3,581
A6LPA6,227
A6LTP1,599
A6LU44,282
A6LU50,284
A6M020,246
A6M334,479
A6P6V9,544
A6Q1Z6,599
A6Q232,416
A6Q234,405
A6Q2R2,462
A6Q3P4,238
A6Q496,153
A6Q4D7,364
A6Q5J0,393
A6Q6C1,157
A6Q6J8,426
A6Q784,277
A6Q7M3,373
A6Q8G9,465
A6QBB6,364
A6QBL4,265
A6QBT0,396
A6QHK4,308
A6QLW2,355
A6QNR0,346
A6QP66,204
A6QQ07,525
A6QXU0,254
A6S8E7,282
A6SU94,453
A6SXP8,360
A6SZR5,375
A6T0F1,223
A6T170,250
A6T178,453
A6T5N2,183
A6T6J6,331
A6T962,249
A6T9C8,528
A6T9Y8,374
A6TAC8,314
A6TDD9,210
A6TEB2,459
A6TH53,548
A6TJ92,303
A6TJD5,316
A6TJE5,377
A6TKJ0,421
A6TMN6,272
A6TU75,250
A6TV07,416
A6TW45,275
A6TWW9,500
A6U6K3,346
A6U6U6,316
A6UCC1,248
A6UEF2,343
A6UEF3,273
A6UP86,446
A6UQD4,422
A6UQK9,108
A6UQL3,319
A6UQL8,211
A6UQY1,178
A6URL4,334
A6US15,235
A6UU64,278
A6UUK5,269
A6UUS4,254
A6UVA8,266
A6UVH2,135
A6UVJ0,596
A6UW07,574
A6UYW3,274
A6UZ94,283
A6V0U8,404
A6V2Y8,295
A6V6Z8,278
A6V9K1,236
A6VC58,265
A6VGG1,181
A6VH54,397
A6VH97,431
A6VHF2,239
A6VHR9,187
A6VIH3,127
A6VIV7,550
A6VJ40,266
A6VJP1,255
A6VKQ4,276
A6VMV4,333
A6VQT1,264
A6VRG3,353
A6VT87,185
A6VTC3,197
A6VUC8,264
A6VUP9,127
A6VUX4,170
A6VW08,445
A6VWM5,350
A6VXL0,212
A6VXM3,380
A6VZ85,419
A6W0X8,270
A6W1F2,365
A6W230,236
A6W5P6,555
A6W733,361
A6WCH4,185
A6WE21,223
A6WE36,557
A6WFI5,294
A6WXR2,205
A6WY85,456
A6WYI0,263
A6WYS5,520
A6X1V9,311
A6X307,340
A6X6Y1,217
A6X792,268
A6Y9S5,315
A6YG63,196
A6YIH8,502
A6ZPT1,409
A6ZQJ2,380
A6ZRK4,454
A6ZU15,564
A7AU38,436
A7AZH2,276
A7B1V0,490
A7B3K3,250
A7B4V1,263
A7B555,315
A7BFV8,420
A7DY56,273
A7FGT5,323
A7FMJ7,527
A7FPH4,239
A7G9Y6,252
A7GAL0,205
A7GGE1,206
A7GIV2,116
A7GKY0,388
A7GSX5,368
A7GVZ7,442
A7H1K5,149
A7H1R9,267
A7H2Q9,295
A7H3F3,277
A7H439,246
A7H543,358
A7H5G6,372
A7H773,295
A7H9A5,276
A7HB82,575
A7HDA2,386
A7HFW0,430
A7HG34,105
A7HK75,306
A7HKM4,180
A7HL14,199
A7HL98,234
A7HM89,310
A7HMY3,277
A7HT37,333
A7HU86,204
A7HU87,184
A7HZX7,202
A7I243,247
A7I4Y2,558
A7I5N0,508
A7I6N9,183
A7I757,392
A7I7P5,424
A7I8R6,300
A7IA21,250
A7IAB9,365
A7IAF1,214
A7IAG4,359
A7IAS7,248
A7IFZ8,297
A7IHU0,150
A7IIX3,213
A7IPX7,327
A7LB60,349
A7LXM2,394
A7LXT3,587
A7LXT8,526
A7LXU0,529
A7MAQ2,271
A7MAS5,481
A7MEM7,319
A7MQB5,561
A7MR71,104
A7MX30,383
A7N2P9,569
A7N581,289
A7N9L2,451
A7NG41,488
A7NH01,326
A7NI92,476
A7NK75,330
A7NQB4,229
A7NR17,210
A7NY33,321
A7PZL3,491
A7QEU4,329
A7SK27,349
A7TJ85,261
A7TJY9,180
A7TSF4,430
A7TTT5,441
A7TZT2,454
A7X0I7,438
A7XRY8,436
A7YWM1,490
A7Z3A9,258
A7Z3M5,465
A7Z4X0,347
A7Z4X8,289
A7Z5B3,233
A7Z5Z6,396
A7Z8F5,454
A7Z8Y2,511
A7ZAI1,487
A7ZDV3,367
A7ZES8,236
A7ZKW9,565
A7ZUB4,419
A8A1A0,474
A8A1C2,328
A8A8G1,102
A8A8M4,204
A8A8T7,197
A8A906,180
A8A990,397
A8A9J7,303
A8A9X7,179
A8AA47,305
A8AAG3,221
A8AAV7,211
A8ABB4,300
A8ABJ8,218
A8ABM7,245
A8ACE0,402
A8ACG6,339
A8AF20,299
A8AHY2,359
A8AID4,336
A8AL31,275
A8ANI0,204
A8ANI4,399
A8ANX0,570
A8AQ07,402
A8AWX1,294
A8AYI5,245
A8AYW5,324
A8B1Z2,265
A8B4Q0,447
A8BQZ5,273
A8C7S1,289
A8CDR5,486
A8CF74,516
A8D7K2,410
A8DYP7,459
A8E534,406
A8ERT8,432
A8ERZ9,151
A8ET60,295
A8EWD5,293
A8EX76,264
A8EZA9,341
A8F0B2,347
A8F1E9,246
A8F3T2,575
A8F479,197
A8F4T9,332
A8F4Z0,359
A8F525,302
A8F5X7,224
A8F758,292
A8F7B1,275
A8F7F8,447
A8F7S0,278
A8F8M9,362
A8F8T5,389
A8FCN9,193
A8FF41,365
A8FGT0,246
A8FKS2,258
A8FM43,306
A8FMU4,364
A8FP35,511
A8FRR0,546
A8FVN8,364
A8FYU7,372
A8G1A4,407
A8G1Q8,404
A8G3Q8,295
A8G797,253
A8G9Q8,200
A8GC78,362
A8GFH0,373
A8GG79,366
A8GIW3,264
A8GM19,273
A8GMB6,245
A8GMD3,227
A8GML2,236
A8GN36,305
A8GP46,419
A8GQD0,345
A8GRV6,537
A8GU66,346
A8GU85,381
A8GWA4,288
A8GYH9,187
A8H392,346
A8H3F7,330
A8H7D4,219
A8H8K6,358
A8HAD7,339
A8I267,275
A8I4J4,445
A8J0J0,332
A8J6X1,359
A8KYS5,369
A8L8W2,121
A8LAY7,211
A8LCV4,500
A8LE21,183
A8LIP0,440
A8LJB4,223
A8LY07,167
A8M1D3,478
A8M1L0,448
A8M5I9,214
A8M8Q8,258
A8MA42,181
A8MA77,407
A8MAC1,309
A8MB70,173
A8MCJ8,241
A8MCV2,269
A8ME45,230
A8MF40,290
A8MF41,241
A8MFE2,279
A8MH15,363
A8MH31,487
A8MH77,280
A8MHN7,250
A8MIW2,243
A8MRX0,459
A8N4R8,201
A8N8S3,510
A8N8Z0,336
A8NF99,542
A8NU13,345
A8PB24,374
A8Q1U2,324
A8QCV7,475
A8QCW4,453
A8QW53,374
A8W969,453
A8WLF6,536
A8WXM1,331
A8WXS4,452
A8X354,307
A8X6H4,356
A8XHQ1,158
A8XJ44,329
A8XJQ6,385
A8XKM2,263
A8XKT0,483
A8XRF5,277
A8XT16,253
A8Y432,461
A8Y9I2,513
A8YIE1,210
A8YVJ7,432
A8YXG4,192
A8Z5W4,380
A8Z6D5,428
A8Z6M1,306
A8Z6P9,262
A8ZUK5,173
A8ZWP0,249
A8ZXL1,252
A8ZXW1,313
A8ZYA5,369
A8ZZX0,263
A9A1F7,272
A9A1K7,267
A9A215,381
A9A231,422
A9A331,485
A9A3X2,299
A9A450,304
A9A492,231
A9A4A1,198
A9A4S0,205
A9A5K6,326
A9A5K8,228
A9A624,177
A9A7A5,231
A9A828,262
A9A8S8,481
A9A947,418
A9AAH0,266
A9AAX4,573
A9AKB1,453
A9ANP0,332
A9AW17,427
A9AWD6,289
A9AXJ1,495
A9AY92,422
A9AYA7,357
A9AYC1,368
A9AZY8,438
A9B0X2,273
A9B4J6,260
A9B562,566
A9B8B9,346
A9BCT3,238
A9BEU2,393
A9BGN7,307
A9BGS3,284
A9BGV3,326
A9BGV7,439
A9BHI9,325
A9BHJ0,505
A9BHL8,162
A9BHV5,155
A9BIS3,367
A9CEQ8,378
A9CES3,336
A9CES4,256
A9CES5,329
A9CES6,425
A9CG70,289
A9CH00,569
A9CHH2,478
A9CJC9,479
A9CK16,152
A9CK30,248
A9CKB4,345
A9CS50,566
A9ENT2,578
A9FDB7,394
A9FHA5,301
A9FI55,405
A9FL08,311
A9G8M9,281
A9G9R0,314
A9GB86,241
A9GK58,315
A9H259,470
A9HDB1,484
A9HRF6,245
A9HW07,568
A9I734,521
A9IMW7,458
A9IR78,273
A9IS87,398
A9KBC1,272
A9KBI4,177
A9KEG8,257
A9KEZ9,376
A9KFT7,193
A9KGY8,276
A9KMA3,478
A9KMC1,401
A9KMJ6,358
A9KMS8,410
A9KNX6,215
A9KP81,403
A9KPW1,340
A9KQ99,283
A9KSU3,304
A9KW78,368
A9L0E9,263
A9L0V0,378
A9L3I1,592
A9LZD2,344
A9M9E3,213
A9M9H3,435
A9MBD0,306
A9MJR9,460
A9MKQ8,341
A9MM32,296
A9MME5,457
A9MPN3,286
A9MQB6,305
A9MQG1,329
A9MR28,261
A9MWZ9,367
A9N158,288
A9N432,321
A9N6P2,386
A9N9I1,291
A9NAQ7,366
A9NC75,107
A9NE14,190
A9NE96,277
A9NF20,386
A9NF64,277
A9NF91,511
A9NGC2,293
A9NGK6,331
A9NGK9,222
A9NH16,460
A9NHF4,410
A9NHG7,412
A9SIZ6,480
A9V2C1,496
A9V2Y9,301
A9VHZ5,231
A9WA88,211
A9WBM9,283
A9WC34,352
A9WC36,409
A9WC63,205
A9WG10,279
A9WGE3,402
A9WHG7,188
A9WQ47,515
A9WQ88,311
A9WQA3,244
A9WT38,318
A9WXP5,231
A9ZPJ7,439
B0B800,229
B0B806,178
B0B8S5,301
B0B9H9,379
B0B9T2,254
B0B9T3,539
B0BA88,465
B0BK71,513
B0BNK8,427
B0BTR9,235
B0C6I2,330
B0C7G7,331
B0CCD6,487
B0CN28,365
B0CN31,366
B0CR45,559
B0EXJ8,355
B0FLN1,184
B0FYK7,377
B0JFP4,364
B0JK91,225
B0JUK9,183
B0JVQ9,205
B0K197,288
B0K1M3,130
B0K2C2,296
B0K2C3,302
B0K3T5,198
B0K421,133
B0K427,132
B0K5F4,485
B0K9C2,171
B0KBA7,264
B0KCW3,388
B0KG79,163
B0KHQ8,374
B0KNE3,425
B0KTG9,495
B0LDU5,383
B0M3E8,350
B0NAQ4,409
B0R336,387
B0R384,453
B0R3S1,276
B0R3Y0,263
B0R4J5,268
B0R5L0,336
B0R5L2,330
B0R653,311
B0R6D7,301
B0R6F1,353
B0R6U7,160
B0R7F9,492
B0R7J1,196
B0R7Q6,448
B0R7U1,508
B0R7U7,211
B0R806,502
B0R808,349
B0R858,165
B0R9W6,257
B0RAV5,304
B0RBB1,175
B0RDG2,259
B0RGG4,275
B0RHY9,229
B0RP51,418
B0RS54,316
B0RTH5,118
B0RUG0,347
B0RVK4,242
B0RWU0,579
B0RZJ0,576
B0RZL3,418
B0RZV0,391
B0S0L6,268
B0S1D8,143
B0S255,273
B0S986,370
B0S9A5,421
B0S9F1,283
B0SC03,264
B0SDM7,266
B0SDS6,247
B0SDY8,374
B0SE38,198
B0SE83,210
B0SFD6,357
B0SFE6,275
B0SFG5,247
B0SFJ4,476
B0SFU6,177
B0SGN8,370
B0SHK4,478
B0SII1,209
B0SPB4,240
B0SS41,430
B0TBI8,333
B0TBI9,439
B0TFC9,287
B0TGS9,316
B0TIH8,460
B0TL77,171
B0TLV4,238
B0TVV8,428
B0TW84,189
B0TWF2,335
B0TWJ9,195
B0TWR0,344
B0TX95,240
B0TXG8,380
B0TYY2,204
B0U5I2,351
B0U5J4,250
B0U5N1,208
B0U6I9,255
B0UET5,369
B0UQT7,287
B0URZ3,267
B0USI5,523
B0UVP3,195
B0UVZ2,234
B0V5E6,238
B0V6G5,306
B0V945,552
B0V9V8,147
B0VBE4,412
B0VH76,414
B0VMG3,482
B0VUQ6,279
B0VUX1,270
B0W3L6,599
B0Y9F9,324
B0Y9G4,349
B0ZB56,360
B1AIA6,415
B1AIG9,238
B1AIH0,502
B1AIH2,440
B1AJ02,329
B1AS42,316
B1B1U4,554
B1B5P4,407
B1G889,470
B1GYR2,339
B1GYW9,319
B1GYY3,306
B1GYY9,177
B1GZ10,168
B1GZD3,485
B1GZH1,439
B1GZH8,291
B1GZY9,360
B1H060,385
B1H0D2,418
B1H0I8,414
B1H0L5,249
B1H1P9,432
B1HQK2,322
B1HQT3,160
B1HRX7,452
B1HTD2,363
B1HUU8,237
B1HX34,213
B1HY21,571
B1HYT5,228
B1HZ05,349
B1HZY7,386
B1I022,278
B1I0S9,394
B1I2D4,158
B1I3D6,189
B1I4F5,500
B1I4F9,384
B1I6G5,317
B1I9W8,588
B1IAM6,233
B1IZQ8,247
B1J0T9,156
B1J2G9,240
B1J2S8,256
B1JD61,224
B1JDU1,365
B1JE24,344
B1JI59,411
B1JQ44,287
B1KD33,364
B1KFS0,264
B1KLU0,459
B1KT67,170
B1KWJ5,445
B1KZC8,282
B1KZR1,201
B1L3W1,515
B1L3X7,366
B1L550,279
B1L5H2,321
B1L5U2,569
B1L5U5,476
B1L5W7,334
B1L5W9,172
B1L6E9,348
B1L6M8,590
B1L6X8,198
B1L719,270
B1L726,195
B1L7D5,225
B1L7I3,276
B1L7K1,314
B1L7R6,177
B1L7X2,435
B1L869,335
B1L8U2,513
B1L9E3,376
B1L9M7,496
B1LAP2,339
B1LFA4,530
B1LI37,341
B1LKC4,160
B1LNJ8,400
B1LNR7,383
B1LPS5,382
B1MCE2,227
B1MEG8,308
B1MFZ9,362
B1MK49,281
B1MM05,475
B1MWD1,245
B1MXL9,294
B1MZX5,338
B1N009,354
B1NF19,504
B1NF20,494
B1P123,386
B1PVZ9,357
B1V8X4,457
B1VB75,461
B1VB82,288
B1VDP0,329
B1VFT1,335
B1VNF2,151
B1VRH5,340
B1VRH6,308
B1VTI5,306
B1VU78,129
B1W019,335
B1W2D7,329
B1W5S5,250
B1WQ07,345
B1WR01,490
B1WYG5,196
B1XL26,146
B1XN65,399
B1XPT3,212
B1XU70,475
B1XWA3,397
B1XYL2,218
B1Y0T0,283
B1Y9L4,433
B1YA45,474
B1YAA9,415
B1YAF0,239
B1YB76,229
B1YCS2,417
B1YCV9,351
B1YD57,260
B1YEE3,232
B1YH83,249
B1YHT1,301
B1YIW5,310
B1YJ39,293
B1YJJ2,256
B1YJL9,343
B1YJT1,195
B1YK87,304
B1YLS2,258
B1YLU8,301
B1YQ56,371
B1YV26,232
B1YWF9,243
B1ZA86,212
B1ZNL9,213
B1ZP50,274
B1ZSC4,230
B1ZSW3,345
B1ZU25,306
B1ZU31,377
B1ZU32,371
B1ZUD7,292
B1ZUV7,460
B1ZVU0,202
B2A250,386
B2A259,368
B2A2K2,313
B2A2P2,256
B2A3C0,444
B2A4Q5,253
B2A6I7,201
B2A6V4,177
B2A8C9,311
B2A8M8,413
B2AM55,430
B2DBE8,389
B2DEV1,425
B2DFG5,380
B2FI28,552
B2FI29,330
B2FQP3,417
B2GB54,398
B2GB73,314
B2GBB0,173
B2GBS2,357
B2GC10,384
B2GF71,240
B2GV22,471
B2HGA4,348
B2HGS5,395
B2HIM0,580
B2HQA9,111
B2HX89,355
B2HYF8,337
B2I056,556
B2I5D0,243
B2I5S5,258
B2I6L3,491
B2IDU5,337
B2IUM5,350
B2IWJ8,348
B2IY96,356
B2J183,298
B2J224,341
B2J4A4,323
B2J5J5,470
B2J6X9,410
B2JLI5,108
B2K631,229
B2K633,346
B2KB67,288
B2KBB9,583
B2KBC0,410
B2KCF7,517
B2KDR9,307
B2KE25,482
B2KE54,361
B2KES3,221
B2KPR3,371
B2KSJ6,560
B2KWI1,475
B2NID7,504
B2RH08,330
B2RI74,362
B2RI92,147
B2RIV3,216
B2RJ15,222
B2RJE9,245
B2RJV4,338
B2RJX5,385
B2RKJ1,445
B2RLG7,348
B2RME3,349
B2RXA7,518
B2RYJ4,309
B2RZW9,264
B2S1S8,579
B2S2U2,363
B2S2U7,428
B2S2U8,296
B2S2X0,477
B2S360,250
B2S3D0,419
B2S3E8,330
B2S3I6,211
B2S3M6,316
B2S3Q9,396
B2S3S0,377
B2S3Z6,162
B2S4P6,356
B2S4P8,202
B2S4Q7,506
B2S9Y5,386
B2SC17,395
B2SGG5,313
B2SHB2,162
B2SNW4,154
B2SWC0,460
B2SWX0,270
B2T2D2,212
B2T436,206
B2T4N1,267
B2T4U5,278
B2T8L2,200
B2T9B1,106
B2THT3,258
B2TNF7,224
B2TNG1,398
B2TW38,526
B2UAU3,387
B2UEE9,196
B2UGQ0,221
B2UKT9,585
B2UL12,596
B2ULM9,406
B2ULR3,309
B2ULR4,177
B2ULY0,259
B2ULZ9,452
B2UML6,305
B2UN91,433
B2UN97,435
B2UP57,493
B2UPK4,357
B2UQE7,458
B2UQG6,549
B2UQR9,314
B2USG1,330
B2UTL0,577
B2UTP7,339
B2UTT1,255
B2UU74,381
B2UW09,227
B2UXE0,252
B2UYK8,350
B2V089,188
B2V751,336
B2V790,227
B2V930,437
B2V937,180
B2V955,335
B2V9E3,308
B2VAA3,179
B2VFL2,245
B2VK95,429
B2VZQ8,392
B2WBW4,180
B2XBQ5,483
B3A0N5,554
B3A0S5,327
B3CLU1,317
B3CM06,293
B3CMU6,191
B3CN84,262
B3CQ27,131
B3CRE6,208
B3CTT4,301
B3CUP9,298
B3DQQ9,270
B3DSQ0,445
B3DTK7,252
B3DUF9,358
B3DUG9,190
B3DV36,311
B3DVH5,232
B3DVR2,204
B3DVW4,366
B3DX01,600
B3DXK4,444
B3DXL1,175
B3DXP7,329
B3DXQ2,179
B3E0M0,467
B3E0U0,345
B3E3M5,346
B3E5X3,219
B3E7P9,161
B3EE77,569
B3EH28,443
B3EIL1,368
B3EPX5,442
B3EQ14,360
B3EQB7,465
B3EQL4,165
B3EQM3,322
B3ER35,253
B3ETU4,339
B3EWI1,247
B3EY95,505
B3FHP0,416
B3FN88,423
B3GSH5,432
B3GW58,313
B3GZT0,443
B3IUN8,490
B3L9G8,289
B3LF48,546
B3LFA4,511
B3P3J9,422
B3PDE5,360
B3PGJ1,404
B3PGN5,481
B3PI89,502
B3PIB0,358
B3PJA9,336
B3PK14,378
B3PL62,485
B3PLZ2,381
B3PM20,196
B3PM40,194
B3PMJ8,293
B3PV29,303
B3PXK6,341
B3Q0S4,498
B3Q7D4,365
B3Q978,271
B3Q9X4,317
B3QL00,583
B3QLF1,365
B3QLI9,241
B3QM53,181
B3QMM2,367
B3QNM5,503
B3QNS6,353
B3QPU5,187
B3QQ12,274
B3QQG6,357
B3QRN8,341
B3QSU2,315
B3QU24,366
B3QVA0,451
B3QXE1,347
B3QYZ5,199
B3R0D7,417
B3RFJ6,553
B3VA58,251
B3VA59,321
B3W7I5,388
B3W963,321
B3WED2,238
B3WED6,211
B3WF00,309
B3XZI5,405
B4EHE6,310
B4EJQ7,354
B4EUL1,548
B4EUU7,153
B4EYS9,309
B4FVP3,505
B4G653,326
B4JBC4,449
B4JVW6,393
B4KBH3,366
B4M1W5,230
B4M4X4,249
B4MQL4,205
B4RBF7,287
B4RD10,343
B4RD11,345
B4RFF2,293
B4RGP0,218
B4RIY4,250
B4RJM3,273
B4RQC6,462
B4RUH2,362
B4RZB4,410
B4RZS0,390
B4S291,169
B4S2L3,360
B4S2X7,258
B4S3W2,351
B4S687,268
B4S7P9,460
B4S9V0,334
B4SAU0,113
B4SCU3,231
B4SE03,296
B4SL67,326
B4SLP5,249
B4SP02,251
B4T8Y4,379
B4TQK3,211
B4TXR2,505
B4TZ41,324
B4U295,341
B4U5Q9,284
B4U5Z8,302
B4U6B2,214
B4U6H0,230
B4U6K0,195
B4U7U7,124
B4U831,332
B4U8A0,441
B4U8Q5,274
B4U9L1,349
B4U9P0,277
B4UDQ2,433
B4UEK4,278
B4UIM2,162
B4UIV7,201
B4XC07,382
B4XMC6,405
B4XY98,345
B4XY99,401
B5BF73,213
B5BJG7,489
B5BLW5,306
B5BP46,220
B5BSX1,493
B5EHU2,427
B5EL74,133
B5ELF7,389
B5ENY8,352
B5EP57,141
B5ES06,278
B5FBM2,485
B5FEE3,194
B5FEQ9,213
B5FK99,274
B5FNE9,244
B5GMG2,330
B5GRC8,343
B5GS26,327
B5H7H3,372
B5HDJ6,365
B5L3F2,253
B5L3X1,237
B5R7T2,165
B5RGB7,176
B5RMH1,408
B5RN19,300
B5RQE7,375
B5T072,387
B5UAT8,413
B5VKE8,338
B5XAM2,191
B5XIY2,513
B5XK69,590
B5XMV6,382
B5XQU5,483
B5XRA9,316
B5XXN1,236
B5XYC7,594
B5XYX5,246
B5Y5X6,207
B5Y6G9,302
B5Y8C1,299
B5Y8C8,304
B5Y8F3,256
B5Y8H0,425
B5Y8J7,558
B5Y8Q4,296
B5Y9D1,273
B5Y9D4,435
B5YA73,283
B5YE16,275
B5YE40,440
B5YE43,326
B5YE84,207
B5YE87,186
B5YEB2,268
B5YEU3,205
B5YF65,440
B5YF77,231
B5YFU5,388
B5YG57,285
B5YG91,497
B5YGT5,255
B5YGX0,451
B5YH68,430
B5YH80,226
B5YI37,411
B5YID8,257
B5YJ55,275
B5YJG8,113
B5YK86,245
B5YK93,315
B5YKD1,425
B5YKK1,292
B5YKW0,571
B5YLB7,439
B5YM03,205
B5YWV3,313
B5Z1T9,565
B5Z1X6,252
B5Z7J7,262
B5Z919,270
B5Z928,282
B5Z9Y5,366
B5ZB12,331
B5ZBE2,207
B5ZBF2,222
B5ZBT4,360
B5ZBV3,333
B5ZC00,473
B5ZCA9,223
B5ZSC4,338
B5ZZ34,579
B6CDL6,161
B6D1N4,384
B6DZD1,595
B6ECN9,505
B6EL06,339
B6EPQ0,261
B6GX22,445
B6HVR6,328
B6IRV8,308
B6IST7,401
B6IX34,275
B6IZ08,243
B6J2Q1,316
B6J3T6,307
B6J5K2,465
B6J5K6,442
B6J6K1,233
B6J6M5,310
B6J6S3,547
B6J9H1,376
B6JA27,435
B6JBS5,237
B6JKW5,270
B6JL11,351
B6JLE8,272
B6JMG9,150
B6JMU2,336
B6JN80,190
B6JWC1,496
B6K7U7,522
B6QAW7,386
B6U151,543
B6VJS4,357
B6YQU3,196
B6YRA7,191
B6YRC6,302
B6YRI1,219
B6YS15,150
B6YSY7,573
B6YUC9,170
B6YUF8,424
B6YUU9,377
B6YVF3,432
B6YWA8,229
B6YX10,215
B7ECS8,316
B7FXE8,310
B7G5J1,587
B7G620,548
B7GF12,315
B7GHM5,454
B7GHW9,259
B7GIR9,367
B7GJM6,527
B7GKQ8,217
B7GPC7,545
B7GQ79,512
B7GT00,291
B7GU03,333
B7GX14,303
B7H1N2,448
B7HAZ0,395
B7HDX6,330
B7HHR7,237
B7HJC1,272
B7HMV1,376
B7HNI1,345
B7HNP9,345
B7HSM3,436
B7HZH3,115
B7I675,462
B7IDU4,430
B7IE73,255
B7IFY1,344
B7IHN7,334
B7INU9,544
B7IP77,349
B7IWE8,414
B7J121,316
B7J1F4,425
B7J1U8,392
B7J278,566
B7J4J4,295
B7JA34,313
B7JNT4,382
B7JY20,352
B7K0L9,381
B7K6D3,237
B7K8N3,191
B7KEB4,257
B7KHC2,231
B7KIT8,233
B7KJQ2,245
B7L7D0,364
B7LMX3,470
B7LQD7,205
B7LVE3,104
B7MMH7,213
B7MNQ8,282
B7N0V9,445
B7N4K1,474
B7N6C8,270
B7N7R2,517
B7N7X5,347
B7N8Q7,269
B7NPN7,284
B7NRM8,245
B7PBI5,303
B7QK46,353
B7SB92,358
B7STY2,524
B7UX51,291
B7V1I5,160
B7V2C0,293
B7V4R0,330
B7V7R1,205
B7VI86,258
B8A7A3,381
B8ASK4,497
B8AUI3,367
B8B4W4,258
B8BBZ7,510
B8BIM2,266
B8BM17,527
B8BVB6,488
B8C6V3,373
B8CTL3,150
B8CU29,241
B8CV32,331
B8CW89,311
B8CX03,431
B8CZT1,207
B8D0S5,383
B8D111,223
B8D185,241
B8D1D5,447
B8D4I6,482
B8D509,219
B8D673,202
B8D6U7,525
B8D747,274
B8D778,268
B8D7D9,151
B8D7K4,361
B8D818,273
B8D880,213
B8D890,302
B8D8D5,385
B8D8Z5,285
B8D985,334
B8D9X6,262
B8DG43,155
B8DKL7,202
B8DMK7,281
B8DNQ9,330
B8DVN7,378
B8DVV4,147
B8DWI2,303
B8DYK8,194
B8DZK4,389
B8DZP4,336
B8DZX0,228
B8DZX8,582
B8E0D5,152
B8E0N8,336
B8E0Z4,172
B8E222,447
B8E2E7,453
B8E2K1,244
B8E2P6,514
B8E2T7,283
B8EM14,290
B8F777,139
B8F928,368
B8FA39,218
B8FAZ7,276
B8FB71,489
B8FBH4,483
B8FCL2,556
B8FHQ1,328
B8FI50,299
B8FLE8,292
B8FN99,284
B8FNP3,262
B8FPU4,566
B8FQ92,382
B8FQZ6,151
B8FUD3,267
B8FVH4,237
B8FZA5,185
B8G120,449
B8G2K7,402
B8G381,305
B8G5X7,367
B8G8K0,208
B8GA45,427
B8GHM9,228
B8GMX9,373
B8GPV2,190
B8GQ39,347
B8GRD3,120
B8GW12,196
B8GWR1,263
B8GWW6,220
B8GXA8,331
B8GZM2,454
B8H091,361
B8H0A0,589
B8H1Z0,248
B8H3S9,302
B8H510,290
B8H5P6,320
B8H8K8,410
B8HCE1,507
B8HCF8,420
B8HDD2,337
B8I1P0,159
B8I567,209
B8I944,293
B8IYM1,452
B8J080,160
B8J1H5,337
B8J1K3,450
B8J3G1,237
B8J3V0,384
B8J3V1,235
B8J457,501
B8J637,398
B8J916,153
B8JBF7,282
B8JE78,383
B8JFS8,420
B8JFW7,354
B8M9H9,358
B8M9K4,515
B8NI03,210
B8NIX4,504
B8NJB0,437
B8NM74,358
B8NMD3,317
B8NPT0,521
B8PBR2,386
B8QHP1,538
B8QHP3,519
B8RCD3,358
B8XY56,240
B8ZP35,420
B8ZQ14,516
B8ZRL0,268
B8ZSU0,311
B8ZV94,526
B9CM12,246
B9DIX2,495
B9DKJ7,252
B9DNV1,358
B9DPU8,352
B9DQ86,193
B9DRX9,403
B9DS79,309
B9DSZ3,418
B9E6S1,168
B9E8D6,261
B9IV02,107
B9J8H9,541
B9J8S0,437
B9JB95,494
B9JK73,419
B9JN20,261
B9JPK6,276
B9JW08,259
B9JXN7,250
B9K1J4,338
B9K6P7,339
B9K6Y2,327
B9K7G8,251
B9K8N7,369
B9K9R7,208
B9K9S0,195
B9K9S2,248
B9KAH0,137
B9KAZ2,290
B9KBQ2,507
B9KBV6,421
B9KD06,260
B9KED6,249
B9KH29,342
B9KHB8,397
B9KHH2,428
B9KHW8,257
B9KI83,128
B9KIG4,270
B9KJ94,452
B9KK15,177
B9KRK6,119
B9KXL1,287
B9KYE6,278
B9KYK0,197
B9KYQ3,303
B9KZ23,288
B9KZP8,352
B9L0C1,176
B9L4T8,200
B9L5S9,448
B9L5Y8,272
B9L6E8,292
B9L9A2,411
B9L9I6,368
B9LA97,365
B9LPH6,251
B9LSA9,180
B9LSC8,197
B9LTS6,243
B9LZG4,282
B9M0X3,445
B9M172,366
B9M2U0,125
B9M5V2,271
B9MDV4,368
B9MFW6,260
B9MKC6,256
B9MKD0,336
B9MKY8,188
B9MLK0,426
B9MQ99,457
B9MR74,154
B9MRS5,383
B9RAJ0,491
B9RXW0,564
B9TSP7,548
B9VRJ2,321
B9W4V6,371
C0CMQ7,287
C0CMQ8,322
C0HKA5,253
C0HKD6,360
C0HLL2,146
C0HLV2,380
C0HMB0,370
C0JRZ9,599
C0KTJ6,254
C0LA90,280
C0LTL9,596
C0LTM1,351
C0M858,425
C0M940,398
C0M9A7,306
C0MAL8,473
C0MDS5,469
C0PPM5,579
C0QFI0,425
C0QJ54,426
C0QPU5,185
C0QQ35,259
C0QQX4,324
C0QRQ2,403
C0QSH0,247
C0QST3,227
C0QVL9,221
C0QXF2,462
C0QY98,578
C0QYQ8,333
C0R074,482
C0R0B8,432
C0R0X6,372
C0R175,231
C0R176,293
C0R1X1,203
C0R200,339
C0R292,281
C0R2M3,292
C0R2Q3,238
C0R3N5,422
C0R4M1,425
C0R4N2,262
C0R4S1,431
C0RFB8,248
C0RJ73,192
C0SPC0,483
C0SPC1,269
C0SPF7,493
C0Z4E2,280
C0ZF00,280
C0ZFP6,335
C0ZHD7,189
C0ZJF8,254
C0ZKI1,292
C0ZNS6,325
C0ZXK1,370
C1A163,281
C1A1H0,247
C1A4M2,292
C1A873,468
C1A8F6,164
C1A8S7,154
C1A8T7,252
C1A8X8,381
C1ATN6,373
C1AXZ2,573
C1B914,418
C1CRX2,361
C1CW54,305
C1CWB4,499
C1D0F7,357
C1D1F5,246
C1D1Q9,533
C1D7Y5,410
C1DB52,353
C1DH67,269
C1EXK2,131
C1EYT0,294
C1F548,372
C1F6U2,338
C1F718,400
C1F763,239
C1F792,374
C1FW05,339
C1FW06,101
C1H765,163
C1I202,207
C1IE32,270
C1JAR9,147
C1K5M2,303
C1KVD5,188
C1L2M3,380
C1L2X6,298
C3K5M3,190
C3K732,218
C3K7L4,200
C3KXJ8,319
C3LT54,313
C3MBH4,324
C3MIE1,251
C3MJC4,176
C3MJP1,361
C3MJX7,253
C3MK79,267
C3MQ22,351
C3MQ86,189
C3MQI6,193
C3MQK4,335
C3MR15,232
C3MRH3,443
C3MRT0,367
C3MUV2,419
C3MYQ9,378
C3N028,545
C3N187,198
C3N8C3,511
C3N8G7,349
C3PGJ1,347
C3PH06,248
C3PIU4,304
C3PKY4,345
C3PLG0,203
C3PMC1,459
C3PMI0,500
C3PNA0,189
C3PNH2,325
C3SBS8,350
C3SBW0,356
C3UVB0,389
C4KIK6,373
C4KZ18,276
C4KZE2,263
C4L3U2,261
C4L432,356
C4L466,128
C4LA13,261
C4LCN4,237
C4LG06,246
C4LHT4,388
C4LJH3,342
C4LZV8,300
C4M244,524
C4M2B8,223
C4M4T9,317
C4M633,285
C4PWA1,299
C4QVU3,542
C4R2P3,448
C4R4B3,509
C4R6B0,375
C4V6W1,329
C4V943,560
C4VB43,271
C4WUT0,246
C4XGU0,241
C4XMZ1,354
C4XPZ9,274
C4XQ59,488
C4YCU0,178
C4YRY0,450
C4YSU5,360
C4Z114,265
C4Z135,264
C4Z1Z8,450
C4Z4L9,459
C4Z630,256
C4Z8P1,589
C4ZA66,192
C4ZJM0,364
C5A3V9,454
C5A430,157
C5A4R8,430
C5A784,273
C5A7F5,202
C5AZ74,157
C5B2R8,135
C5BAI6,247
C5BBH3,300
C5BIS1,214
C5BMG6,509
C5BP36,453
C5BSJ0,442
C5C246,297
C5C8I6,401
C5C9E5,229
C5CBV8,243
C5CE10,359
C5CE71,231
C5CEY9,132
C5CGG9,226
C5CGT6,262
C5CI63,577
C5CI88,277
C5CIU9,298
C5D2F9,235
C5D2V2,413
C5D4K1,508
C5D4R3,315
C5D4S1,266
C5D5A7,235
C5D6E9,403
C5FS55,395
C5GXZ4,473
C5H429,388
C5J6H5,238
C5JHY1,366
C5M4J6,166
C5M614,410
C5NU54,252
C5NZY5,356
C5P3T4,363
C5PIJ9,412
C6A124,467
C6A2C9,279
C6A439,148
C6BU87,231
C6BW12,305
C6BW21,231
C6BZ93,377
C6C060,330
C6C0T2,327
C6C2Z3,400
C6CBG9,417
C6CWS7,276
C6DA54,400
C6DAL8,437
C6DFA4,250
C6DG98,183
C6DJC3,562
C6DYS3,116
C6E5B9,345
C6E5Z6,379
C6E679,356
C6E7L6,154
C6HNY5,518
C6L7V8,391
C6L7V9,390
C6LR75,458
C6TAY1,358
C6VLJ0,267
C6WFL3,382
C6WKX3,283
C6Y2G0,234
C7AJA4,406
C7AU21,278
C7C436,472
C7C8V4,331
C7LYP7,273
C7M077,310
C7MCY7,473
C7MRC4,306
C7P592,218
C7PC56,332
C7PEQ0,252
C7PLV2,321
C7Q942,343
C7QKE2,355
C7R1N6,314
C7TMK0,291
C8V1D1,412
C8V7U7,545
C8VEJ5,434
C8VJF5,223
C8VJZ7,499
C8VP36,496
C8WAF3,380
C8WGQ3,260
C8WJZ5,262
C8WMP0,259
C8ZET7,305
C9DQ22,141
C9K1X7,459
C9RPK4,260
C9RZ55,341
C9SB02,388
C9SEV5,563
C9WMM5,467
C9Y0V8,176
D0C6T7,389
D0CY60,192
D0E8I4,262
D0E8I5,190
D0KG93,188
D0KXY3,415
D0MVS1,597
D0NK82,179
D0UZK2,548
D0VMR8,547
D0VWQ1,302
D0VWY5,463
D0ZLR3,369
D0ZY51,356
D1BAA5,512
D1BJD0,284
D1BMT0,242
D1BV84,367
D1C883,207
D1MI46,495
D1YZF2,139
D2AC43,382
D2AV87,333
D2CSU4,324
D2CSU5,263
D2D3B6,540
D2KX21,167
D2PPM8,385
D2QYP6,227
D2RFQ5,206
D2RJU7,331
D2UYP1,252
D2VN51,240
D2WKD9,245
D2YW48,231
D2YZP9,550
D2Z026,287
D3BH90,146
D3DFG8,211
D3DFS4,334
D3DJ42,472
D3DJG4,253
D3DK66,244
D3E0R7,256
D3E3M2,234
D3F5L6,223
D3G0V0,273
D3H5H5,467
D3J0Z1,261
D3K0N9,301
D3KVM6,183
D3P9D1,377
D3QY10,388
D3U1D9,254
D3UAG5,483
D3UWV6,237
D3WZ86,207
D3ZLZ7,514
D3ZRW8,385
D4AJ87,378
D4AJR9,457
D4AKL6,404
D4AMB9,440
D4AN26,219
D4AN96,305
D4ANB6,508
D4AQ83,440
D4AS70,537
D4AV38,394
D4AVJ0,332
D4AZ78,507
D4AZD1,447
D4AZG9,506
D4AZV8,339
D4B0M5,148
D4B0N9,394
D4B0Q6,497
D4B387,584
D4B4K9,335
D4B4X4,330
D4D802,595
D4DBH6,596
D4FZ53,152
D4G8K6,187
D4G8R2,369
D4GEU9,190
D4GP28,289
D4GP31,291
D4GP33,254
D4GP38,383
D4GP41,482
D4GPU7,308
D4GPU8,168
D4GS06,379
D4GS48,262
D4GSC3,410
D4GSE6,320
D4GST8,299
D4GTL2,433
D4GTL8,198
D4GTN6,585
D4GTV9,301
D4GWT7,248
D4GYE0,330
D4GYE2,565
D4GYE6,305
D4GYH1,243
D4GYI2,586
D4GYW6,456
D4MUV9,475
D4N502,360
D4Q9N1,296
D4Q9Z4,495
D4Q9Z5,472
D4QF25,274
D4ZX34,324
D5AKY0,459
D5AQD5,276
D5AQD6,259
D5CE37,164
D5EV35,480
D5GFR0,309
D5HB86,546
D5IGG0,378
D5J9U8,488
D5JWB3,273
D5KXJ0,295
D5SQS4,359
D5SXM0,244
D5TZL3,441
D5UXA4,292
D5V0N9,273
D5WVB5,288
D5X4H4,411
D6MZJ6,483
D6WJ77,281
D6WMZ8,588
D6ZE32,317
D7A0Y2,367
D7A3L6,158
D7BAR0,555
D7CWZ0,220
D7DRZ8,508
D7GCU5,373
D7GG24,312
D7GXG4,477
D7GXG5,328
D7P5V0,407
D7UER1,378
D7UQ40,515
D7URV0,329
D7Y2H2,321
D8K3Q1,245
D8KN09,243
D8L2V9,396
D8RNZ9,368
D8S5L4,422
D8T3S4,488
D9IFD5,326
D9J041,546
D9J100,379
D9PWM7,231
D9Q2C4,437
D9TT10,322
D9UNB2,442
D9XD61,343
D9XDR8,338
D9XF45,395
E0J5J4,309
E0SPG5,464
E0TY11,297
E0U174,325
E0Y3X1,452
E1ABX2,537
E1ACQ9,339
E1ANH6,291
E1AQY3,459
E1BPW0,432
E1QUT8,412
E1QWZ1,511
E1SSZ4,447
E1V4F9,483
E1V4H2,474
E1V931,371
E1VBT6,157
E1W218,436
E1WGG9,267
E1WKT5,318
E2GIN1,240
E2JA31,424
E2JA32,396
E2QUD0,526
E3FKM2,406
E3H9W1,268
E3HDJ8,284
E3J0E1,190
E3K7C3,303
E3PRJ4,262
E3PTZ4,335
E3PV41,370
E3PY97,469
E3PY99,353
E3Q1H1,147
E3Q717,587
E3VWI3,398
E3VWJ0,337
E3VWK2,275
E3VWK3,584
E3W203,569
E3W9C4,513
E3W9M2,502
E3W9M3,505
E4MYY0,338
E4PMA5,480
E4Q361,452
E4QP00,531
E4TI44,245
E4UUX3,366
E5A7I6,543
E5ASS2,221
E5F146,318
E5KBU3,354
E5KIC0,245
E5RP65,411
E5Y8P9,464
E6ENP9,274
E6UB41,389
E7C196,327
E7CIP7,382
E7EZI4,430
E7F6D7,412
E7FB98,336
E7FHC4,412
E7FHF1,114
E7FHN9,334
E7FHP1,232
E7FI44,428
E8ME30,320
E8MF11,515
E8MF12,359
E8R1E4,272
E8W6C7,356
E9AD19,329
E9CV02,461
E9E766,349
E9ENC6,317
E9EUE8,158
E9F9J8,511
E9L7A5,479
E9P162,523
E9P8D2,229
E9Q5L8,290
E9QY26,524
E9R9Y3,273
E9RFT1,368
F0E1K6,282
F0KFI5,371
F0M433,390
F0QYK7,348
F0T7W2,190
F0ZDD0,310
F0ZL92,333
F1CMY8,390
F1CYZ5,524
F1LU71,315
F1MVX2,399
F1N2K1,508
F1QG30,545
F1QR43,586
F1SVF8,591
F1SWA0,267
F2GA29,482
F2JTX5,435
F2JVT6,394
F2JVW9,406
F2K079,516
F2RB77,103
F2RB80,532
F2Y4A3,481
F2Z699,582
F4CUJ4,344
F4G5A4,365
F4HU51,427
F4I8H8,328
F4I907,358
F4IAT8,326
F4IF99,460
F4ILF8,274
F4IRQ5,567
F4IV16,267
F4J3G5,519
F4J4C8,569
F4JIK2,267
F4JJE0,304
F4JJL0,299
F4JNX3,304
F4JP46,328
F4JUY5,376
F4JYE9,530
F4JZ24,289
F4JZN6,331
F4JZW1,494
F4K2A1,571
F4K687,238
F4KH86,400
F4KHG6,489
F4KI56,238
F4NZ38,318
F4P6T0,316
F4QV02,369
F4ZCI3,379
F5HN72,455
F6W3G8,184
F6Y5S8,358
F7E727,389
F7J184,454
F7J188,469
F8DT27,413
F8GAB4,402
F8JX40,507
F8QQ74,248
F8QQQ7,420
F8S1H3,488
F8S1H8,491
F8U830,527
F8WKW8,444
F8WLS6,487
F8WRK9,412
F9UN92,278
F9USS9,424
F9UST1,263
F9UST4,276
F9VPG1,290
F9XLC1,361
F9XMW6,267
F9XMX6,306
G0FS68,303
G0FUS0,272
G0GBS4,587
G0HQ31,396
G0J2F8,310
G0L322,539
G0RH19,288
G0WXL9,204
G0Y286,403
G0Y287,465
G0Y7D3,580
G1UB11,517
G1UBD1,414
G2IQS7,471
G2QJR6,397
G2QZK6,304
G2X4M1,190
G2XQT1,371
G3FIN8,483
G3ISL7,354
G3V9Q9,321
G3XD01,191
G3XD23,316
G3XD46,579
G3XD61,354
G3XD94,436
G3XDA1,453
G3XDD8,204
G3YG17,298
G4MY67,514
G4MZV6,214
G4N7S6,468
G4NBX2,309
G4NEB8,415
G4RJY5,190
G4SW86,427
G4V4T5,217
G4V4T7,265
G4VGI0,296
G4VJD6,186
G4WJD3,308
G4YEI5,210
G5CV52,554
G5E8F4,590
G5EBD7,332
G5EBI4,404
G5ECJ6,539
G5ED45,368
G5EDF7,336
G5EDL5,355
G5EDP2,412
G5EDR5,433
G5EDT6,435
G5EDZ2,497
G5EE06,378
G5EER4,315
G5EFE7,559
G5EFP5,400
G5EFZ1,539
G5EG11,55
G5EGA6,260
G5EGP8,170
G7CFI3,446
G8GJ94,575
G8H5M7,544
G8H5M8,545
G8H5M9,554
G8JVR4,358
G8T6H8,221
G9EZR6,331
G9FRD6,261
G9M9M3,358
H1A981,524
H1AAP2,219
H1ZV37,478
H1ZV38,373
H1ZZA4,383
H1ZZB0,334
H2A0L4,468
H2DF87,588
H2DH16,486
H2E7T5,378
H2E7T7,379
H2IFE7,480
H2IFX0,362
H2K885,497
H2K888,373
H2K893,422
H2KYQ5,429
H2VFI5,377
H3JQW0,545
H3ZPU1,389
H6LC31,318
H6LGM6,379
H6LGM7,262
H6LGM8,396
H8L901,243
H8L902,421
H8ZPX2,477
H9JW44,364
H9N289,351
H9N290,355
I0CME7,448
I0DFJ0,480
I1BYN6,385
I1BYW6,452
I1HL09,510
I1JNN8,186
I1M2G5,534
I1M2U5,355
I1RF79,481
I1RIF1,535
I1RJD6,513
I1RPI4,528
I1RQ76,500
I1RZD0,443
I1TEM1,506
I2CYZ4,516
I2DBY2,501
I3PB36,570
I3PLQ6,356
I3PLR0,554
I3PLR1,556
I3PLR2,320
I3PLR3,348
I3PLR4,471
I3V6A7,390
I3V6B7,540
I3VRU1,465
I6R4V5,546
I6WU39,101
I6WXK4,276
I6WZK7,504
I6X235,207
I6XD65,186
I6XFS7,188
I6XHI4,391
I6XHJ3,407
I6XU97,298
I6Y0R5,487
I6Y4D2,241
I6Y778,454
I6YBZ8,290
I6YC03,356
I6YEE1,324
I6YFP0,266
I6YG32,158
I6YGS0,322
I7FJX8,399
I7GPX8,595
J1H1H5,447
J3K844,303
J7LH11,546
J7LQ09,542
J7SZ64,417
J9RLZ7,563
J9VPE7,373
J9VQZ4,594
J9W453,450
K0E4E5,584
K3VH30,487
K4CI52,469
K4ICC9,336
K4RFM2,347
K4ZRC1,217
K5B7F3,218
K6UCV4,363
K7N5M8,464
K7NBR2,473
K7NBW3,454
K7WCI9,290
K7WQ45,314
K9NBS6,477
L0D9B6,192
L0E163,322
L0HB77,597
L7IP31,390
L7N653,406
L7N6A5,359
L7N6B0,388
L7T720,489
L7X0L7,541
L7X3S1,526
L8EUQ6,503
M1BYJ7,577
M1GRN3,450
M1V9Q0,371
M1VDX3,343
M1VMF7,544
M2PP75,541
M2YJ38,328
M4GGR9,407
M4IS88,568
M4YFG7,170
M5AW86,352
M5AWY0,363
N0DKX5,402
N4WE73,232
N4WW42,196
O00058,256
O00092,465
O00105,564
O00142,265
O00154,380
O00584,256
O00625,290
O00746,117
O00748,559
O01739,383
O01798,512
O01916,246
O01925,341
O02607,536
O02789,518
O03206,175
O04009,361
O04147,181
O04300,364
O04469,240
O04795,364
O04847,401
O04866,451
O04921,512
O04928,421
O05118,478
O05146,314
O05218,525
O05265,328
O05307,597
O05412,265
O05420,298
O05465,401
O05508,465
O05512,362
O05517,151
O05527,494
O05619,481
O05650,192
O05651,392
O05927,267
O05940,481
O05942,513
O06059,172
O06159,393
O06334,336
O06350,373
O06401,264
O06417,571
O06428,335
O06478,485
O06543,360
O06738,228
O06834,415
O06836,169
O06837,502
O06866,194
O06923,401
O06928,366
O07003,516
O07006,161
O07014,403
O07046,212
O07293,275
O07431,220
O07509,371
O07560,168
O07565,282
O07566,441
O07592,243
O07608,331
O07610,513
O07639,403
O07683,436
O07685,316
O07737,384
O07777,156
O07896,310
O07899,543
O07921,277
O08249,204
O08321,389
O08349,294
O08358,291
O08501,458
O08650,554
O08691,354
O08730,333
O08911,367
O08914,579
O09486,426
O13294,411
O13309,348
O13427,374
O13492,528
O13622,535
O13698,318
O13725,242
O13748,219
O13782,382
O13810,402
O13811,359
O13833,405
O13848,284
O13902,580
O13907,492
O13924,488
O13934,424
O13958,369
O13962,216
O13969,474
O13990,321
O14000,539
O14028,309
O14045,365
O14057,527
O14092,558
O14094,384
O14110,387
O14133,391
O14137,473
O14154,513
O14159,458
O14171,264
O14172,264
O14190,162
O14214,304
O14295,333
O14307,364
O14345,329
O14346,208
O14349,405
O14361,272
O14370,427
O14434,168
O14773,563
O15270,562
O15488,406
O15746,433
O15820,553
O15991,371
O16580,523
O17405,554
O17730,328
O17754,472
O18037,466
O18229,269
O19886,399
O19889,251
O19914,195
O20241,475
O21049,435
O21260,222
O22229,529
O22308,352
O22380,361
O22527,324
O22553,446
O22682,404
O22818,405
O22820,449
O22827,198
O22850,206
O23207,273
O23240,559
O23300,238
O23324,465
O23401,479
O23614,515
O23653,544
O23791,351
O23883,389
O23917,446
O24457,428
O24464,231
O24495,331
O24676,449
O24721,387
O24738,294
O24743,325
O24750,337
O24767,303
O24855,221
O24915,231
O24924,486
O24980,340
O25004,266
O25008,387
O25046,409
O25080,293
O25103,138
O25130,375
O25664,406
O25730,227
O25773,257
O25817,424
O25830,380
O25835,375
O25869,500
O25909,273
O25917,397
O25928,159
O26060,597
O26096,327
O26230,307
O26246,197
O26249,192
O26268,253
O26273,590
O26314,257
O26327,426
O26329,206
O26350,232
O26679,266
O26683,184
O26684,454
O26710,223
O26712,340
O26719,286
O26742,474
O26784,245
O26820,336
O26830,351
O26914,424
O26918,329
O26920,171
O26957,280
O27083,302
O27088,523
O27089,353
O27097,306
O27098,252
O27106,233
O27134,183
O27140,174
O27170,281
O27184,249
O27186,215
O27236,443
O27250,226
O27258,380
O27269,363
O27273,341
O27295,247
O27324,519
O27375,193
O27390,428
O27442,400
O27447,327
O27479,181
O27484,262
O27544,122
O27545,532
O27555,324
O27572,415
O27600,270
O27637,232
O27710,258
O27726,195
O27748,458
O27881,196
O27902,264
O27906,185
O27918,164
O27937,337
O28025,420
O28105,392
O28125,176
O28126,437
O28142,344
O28174,233
O28204,268
O28220,196
O28255,342
O28272,219
O28273,296
O28325,453
O28440,236
O28484,488
O28486,243
O28523,408
O28533,178
O28534,179
O28544,265
O28578,294
O28579,420
O28599,351
O28606,456
O28608,322
O28635,441
O28669,411
O28671,199
O28673,248
O28732,382
O28786,471
O28787,403
O28853,271
O28996,331
O29008,271
O29011,320
O29054,182
O29265,416
O29277,178
O29323,306
O29329,290
O29361,169
O29370,212
O29379,483
O29382,374
O29407,464
O29428,169
O29443,349
O29445,527
O29458,419
O29513,299
O29525,296
O29526,163
O29534,446
O29535,298
O29630,278
O29633,433
O29665,281
O29666,284
O29701,422
O29766,378
O29779,187
O29782,267
O29807,239
O29808,225
O29836,467
O29843,293
O29844,231
O29853,443
O29866,251
O29871,470
O29876,198
O30027,404
O30108,221
O30120,226
O30123,359
O30144,240
O30207,371
O30478,340
O30601,329
O30827,323
O31156,264
O31214,207
O31385,451
O31427,239
O31440,417
O31503,459
O31608,181
O31611,211
O31616,369
O31619,336
O31633,181
O31646,315
O31652,320
O31664,259
O31669,178
O31677,243
O31752,269
O31775,264
O31854,207
O31982,367
O32032,584
O32041,518
O32085,161
O32099,243
O32106,500
O32143,173
O32145,277
O32148,416
O32149,412
O32193,451
O32223,358
O32271,461
O32274,179
O32434,527
O32472,134
O32724,146
O32861,351
O32865,270
O32978,310
O33040,468
O33116,528
O33283,149
O33289,174
O33336,227
O33434,290
O33512,219
O33804,446
O33832,256
O33833,432
O33836,318
O33855,550
O33921,413
O33939,415
O33946,379
O34138,194
O34296,358
O34310,221
O34324,458
O34349,203
O34363,478
O34389,566
O34411,268
O34482,375
O34499,349
O34514,371
O34539,392
O34570,183
O34598,156
O34600,313
O34607,300
O34614,194
O34632,261
O34635,220
O34640,336
O34645,432
O34661,298
O34664,214
O34673,497
O34717,254
O34748,591
O34788,346
O34813,162
O34862,428
O34872,187
O34873,299
O34874,381
O34895,275
O34899,193
O34912,209
O34926,405
O34939,427
O34962,410
O35002,480
O35013,158
O35044,334
O35217,481
O35264,229
O35298,574
O35310,311
O35386,338
O35465,402
O35493,481
O35524,219
O35744,398
O35789,334
O35943,207
O35969,236
O42764,419
O42771,268
O42821,504
O42853,197
O42866,236
O42873,570
O42875,361
O42878,508
O42887,413
O42898,266
O42912,388
O42916,509
O43010,466
O43012,322
O43014,412
O43084,261
O43091,378
O43099,168
O43708,216
O43930,277
O44390,349
O44510,402
O44514,474
O44578,136
O45145,272
O45679,337
O45686,393
O45870,434
O45903,344
O46503,296
O46559,499
O46640,301
O47495,385
O48676,460
O48711,547
O48782,234
O48958,531
O48964,235
O49046,350
O49203,238
O49204,312
O49298,554
O49353,354
O49394,523
O49432,481
O49505,583
O49561,338
O49562,403
O49623,347
O49856,144
O50147,269
O50188,227
O50286,475
O50406,501
O50410,350
O50580,290
O50593,583
O50657,393
O51057,308
O51069,283
O51081,218
O51089,238
O51111,422
O51132,251
O51265,234
O51317,481
O51323,477
O51333,243
O51344,445
O51376,375
O51419,167
O51423,229
O51508,573
O51575,307
O51581,478
O51603,521
O51752,390
O51759,180
O51900,435
O52025,391
O52063,403
O52249,192
O52353,250
O52354,323
O52513,421
O52552,388
O52593,332
O52629,510
O52646,144
O52692,304
O52702,429
O52703,375
O52787,142
O52791,357
O52793,471
O52866,286
O52951,195
O53361,299
O53423,314
O53507,352
O53512,462
O53637,386
O53664,280
O53699,267
O53857,425
O53896,464
O53907,270
O54031,395
O54067,341
O54068,437
O54154,532
O54235,307
O54259,118
O54451,212
O54453,293
O54862,510
O54904,326
O54939,306
O55123,476
O55234,264
O57742,412
O57765,464
O57809,325
O57836,239
O57878,466
O57983,197
O58056,430
O58107,350
O58192,368
O58231,440
O58320,334
O58370,476
O58414,311
O58417,331
O58478,474
O58523,278
O58762,415
O58844,220
O58965,410
O58994,412
O59028,360
O59209,382
O59284,418
O59355,450
O59390,361
O59394,345
O59410,411
O59497,309
O59586,287
O59646,363
O59667,417
O59682,509
O59703,351
O59710,469
O59735,384
O59786,423
O59802,324
O59805,533
O59819,499
O59852,581
O59893,234
O59933,308
O59952,291
O60016,490
O60052,294
O60064,414
O60069,356
O60087,450
O60109,532
O60116,318
O60123,510
O60163,519
O60185,359
O60259,260
O60547,372
O60678,531
O60942,597
O61847,368
O61887,279
O62583,205
O64405,593
O64407,496
O64530,322
O64641,324
O64698,499
O64761,303
O64792,137
O64903,231
O64966,585
O64988,433
O65404,516
O65456,394
O65583,469
O65595,497
O65782,499
O65979,500
O66076,216
O66107,218
O66126,291
O66127,143
O66129,325
O66145,413
O66251,294
O66256,270
O66465,359
O66489,258
O66522,403
O66534,356
O66550,160
O66553,265
O66554,206
O66557,453
O66580,202
O66587,149
O66727,371
O66746,492
O66772,410
O66790,323
O66806,291
O66810,254
O66811,189
O66817,326
O66839,277
O66849,494
O66884,360
O66905,192
O66908,396
O66914,234
O66937,485
O66949,424
O66954,320
O66967,188
O66973,510
O67010,392
O67016,432
O67019,320
O67054,191
O67060,268
O67085,362
O67088,256
O67091,567
O67100,379
O67104,332
O67140,452
O67174,546
O67193,439
O67214,356
O67222,376
O67233,537
O67292,259
O67298,497
O67322,178
O67365,493
O67378,186
O67413,201
O67420,356
O67422,296
O67531,443
O67572,315
O67577,211
O67581,334
O67604,207
O67607,306
O67610,248
O67616,385
O67619,310
O67648,282
O67657,257
O67733,311
O67742,183
O67780,205
O67791,264
O67792,196
O67802,231
O67857,354
O67883,306
O67908,178
O67928,154
O67929,320
O67988,252
O68098,251
O68100,261
O68503,192
O68556,348
O68873,380
O68897,362
O68965,330
O69054,336
O69170,340
O69199,191
O69203,437
O69264,275
O69290,427
O69497,457
O69524,313
O69528,191
O69529,132
O69652,368
O69729,475
O69754,278
O69761,209
O69768,466
O69787,512
O69969,289
O70453,290
O70536,545
O70572,419
O73688,277
O73853,514
O74020,564
O74199,522
O74212,446
O74323,189
O74326,478
O74339,393
O74382,298
O74421,274
O74427,454
O74457,180
O74468,496
O74489,329
O74492,124
O74516,502
O74518,336
O74548,441
O74553,326
O74556,442
O74634,577
O74641,516
O74648,246
O74742,505
O74765,425
O74826,216
O74831,158
O74841,265
O74850,345
O74858,531
O74859,232
O74860,340
O74866,163
O74878,471
O74880,360
O74898,283
O74933,486
O74975,362
O75355,529
O75881,506
O75951,148
O76156,423
O76387,316
O76463,440
O76483,218
O77081,380
O77264,361
O77392,380
O77486,343
O77512,295
O78461,102
O78497,237
O79547,343
O79557,166
O80325,226
O80358,390
O80396,520
O80437,501
O80438,190
O80458,303
O80467,451
O80568,488
O80763,578
O80888,372
O80902,431
O80952,296
O81024,374
O81192,598
O81220,393
O81263,271
O81395,521
O81498,481
O81862,379
O81931,375
O81983,438
O82381,481
O82515,359
O82567,389
O82662,421
O82733,331
O82768,281
O82827,249
O82872,379
O83080,331
O83092,351
O83097,438
O83146,461
O83293,482
O83401,459
O83433,397
O83434,187
O83490,241
O83491,515
O83514,433
O83525,399
O83649,215
O83790,307
O83814,255
O83873,532
O83940,274
O83990,258
O84035,550
O84096,241
O84217,348
O84372,184
O84373,357
O84374,373
O84457,305
O84492,314
O84620,124
O84990,248
O84992,357
O85057,543
O85078,276
O85292,340
O85343,456
O85673,471
O85675,343
O85762,197
O85987,330
O86034,258
O86042,192
O86043,212
O86108,298
O86422,453
O86459,400
O86509,339
O86511,534
O86737,387
O86776,284
O86786,391
O86937,313
O86956,442
O86959,472
O87008,179
O87082,497
O87170,293
O87681,296
O87689,540
O87690,306
O87691,255
O87692,225
O87696,258
O87833,386
O87871,368
O87873,258
O87875,432
O88484,530
O88554,559
O88587,265
O88693,394
O88697,305
O88736,334
O88876,302
O88947,481
O89106,150
O93364,516
O93715,366
O93732,460
O93744,364
O93779,232
O93829,371
O93830,341
O93852,557
O93939,498
O94229,361
O94255,328
O94257,310
O94265,506
O94297,426
O94305,378
O94347,327
O94412,344
O94413,321
O94505,353
O94509,471
O94511,295
O94526,348
O94570,481
O94617,475
O94636,469
O94642,386
O94647,461
O94738,455
O95045,317
O95050,263
O96099,467
O96423,361
O96539,484
O96559,364
O96693,488
O97399,258
O97422,306
O97438,317
P00183,415
P00335,249
P00350,468
P00366,558
P00380,167
P00381,163
P00393,434
P00436,201
P00437,239
P00467,534
P00474,507
P00487,220
P00504,412
P00518,387
P00552,264
P00553,262
P00557,341
P00572,216
P00633,251
P00634,471
P00650,101
P00652,132
P00654,114
P00655,177
P00733,255
P00749,414
P00765,237
P00768,216
P00771,226
P00775,259
P00776,297
P00777,299
P00778,397
P00784,345
P00785,380
P00862,311
P00904,531
P00909,453
P00937,484
P02904,123
P03940,487
P04007,214
P04047,224
P04071,261
P04072,279
P04161,214
P04187,247
P04189,381
P04371,549
P04385,528
P04394,249
P04772,344
P04802,557
P04803,379
P04806,485
P04836,475
P04963,373
P04995,475
P05066,565
P05102,327
P05149,381
P05156,583
P05187,535
P05202,430
P05314,594
P05327,484
P05345,381
P05369,353
P05373,342
P05378,462
P05793,491
P05806,566
P06106,444
P06132,367
P06135,215
P06174,275
P06244,397
P06278,512
P06281,402
P06529,576
P06557,518
P06558,208
P06610,183
P06617,557
P06619,234
P06621,415
P06653,318
P06709,321
P06720,451
P06845,274
P06999,309
P07003,572
P07031,103
P07046,359
P07061,392
P07097,392
P07099,455
P07103,426
P07129,535
P07191,567
P07201,384
P07236,462
P07250,355
P07265,584
P07277,443
P07287,381
P07314,568
P07383,272
P07445,131
P07446,102
P07464,203
P07518,275
P07519,499
P07529,332
P07584,251
P07706,573
P07752,372
P07771,348
P07819,479
P07984,449
P08019,549
P08077,307
P08088,275
P08137,528
P08158,548
P08165,498
P08192,422
P08200,416
P08246,267
P08262,409
P08289,524
P08413,542
P08414,469
P08419,269
P08431,366
P08432,466
P08499,445
P08503,421
P08540,421
P08594,513
P08635,263
P08664,212
P08684,503
P08694,275
P08717,499
P08740,382
P08750,443
P08760,227
P08800,511
P08819,444
P08839,575
P08842,583
P08881,262
P08891,505
P08897,260
P08910,425
P09030,268
P09034,412
P09062,423
P09063,459
P09093,270
P09099,484
P09177,427
P09230,454
P09347,361
P09383,284
P09399,384
P09401,449
P09417,213
P09431,355
P09437,573
P09543,421
P09788,521
P09795,461
P09841,429
P09870,526
P09890,445
P09954,419
P09979,332
P0A004,358
P0A0C2,479
P0A102,213
P0A142,334
P0A169,259
P0A170,259
P0A1C1,430
P0A1W2,324
P0A257,245
P0A2G9,257
P0A2H1,201
P0A2X3,275
P0A2X9,306
P0A390,483
P0A3E2,119
P0A3M3,274
P0A3Q0,505
P0A3Y5,264
P0A461,482
P0A4E1,317
P0A4V0,413
P0A539,268
P0A585,514
P0A5L5,510
P0A5T7,310
P0A6E1,174
P0A8Y3,199
P0A8Y5,270
P0A944,148
P0A948,194
P0A962,338
P0A9I8,108
P0A9L3,206
P0A9L8,269
P0A9P4,321
P0A9P9,254
P0A9S1,382
P0A9S3,346
P0A9S5,367
P0A9T0,410
P0A9V8,298
P0AAP1,371
P0AAV4,218
P0AB71,359
P0AB91,350
P0ABE9,219
P0ABF1,465
P0ABJ9,522
P0ABK2,379
P0ABK5,323
P0ABN1,122
P0ABQ2,294
P0ABZ4,188
P0AC11,271
P0AC13,282
P0AC16,122
P0AC33,548
P0AC35,201
P0AC75,425
P0ACB2,324
P0ACB4,181
P0ACV2,306
P0AD42,211
P0ADI4,285
P0ADP0,238
P0ADP2,155
P0AE76,181
P0AEB2,403
P0AEP7,593
P0AEP9,499
P0AET8,255
P0AEW6,434
P0AEY3,263
P0AFU8,213
P0AGB0,322
P0AGE6,188
P0AGJ2,229
P0C0G1,266
P0C0H0,419
P0C0J1,398
P0C0V0,474
P0C153,420
P0C1A2,393
P0C1A7,425
P0C1A9,366
P0C1E5,270
P0C1G0,228
P0C2E5,320
P0C5D1,220
P0C618,450
P0CB42,389
P0CD61,408
P0CD74,269
P0CE14,431
P0CG30,244
P0CH36,349
P0CH63,225
P0CH65,510
P0CI02,137
P0CL22,289
P0CL94,238
P0CL98,430
P0CM19,565
P0CN02,183
P0CN11,361
P0CN76,381
P0CO06,416
P0CO49,506
P0CO50,751
P0CO53,453
P0CO57,397
P0CO63,422
P0CP14,294
P0CQ37,582
P0CQ86,518
P0CR36,335
P0CS11,429
P0CS68,459
P0CT50,350
P0CU79,215
P0CV95,578
P0CW42,272
P0CW53,462
P0CW89,524
P0CX77,362
P0CY21,364
P0CZ66,328
P0DB10,162
P0DC62,210
P0DI10,325
P0DJA7,512
P0DJQ3,313
P0DJQ7,513
P0DKR8,174
P0DKS5,140
P0DKY8,187
P0DMN7,334
P0DMP6,338
P0DN21,351
P0DN22,301
P0DN72,339
P0DN88,477
P0DO50,276
P0DO51,311
P0DO96,415
P0DOV5,260
P0DOV7,579
P0DOV8,255
P0DOW0,331
P0DOW1,459
P0DP65,261
P0DP90,548
P0DPA0,349
P0DPA8,362
P0DPE9,491
P0DPK6,359
P0DQD8,451
P0DSI2,379
P0DSP2,292
P0DTQ2,409
P0DTT6,251
P0DUD9,311
P0DUE1,415
P0DUE3,346
P0DUM7,554
P0DUM8,224
P0DUQ3,461
P0DV24,450
P0DV26,463
P0DV34,222
P0DV41,308
P0DV68,376
P0DV86,316
P0DV89,379
P0DW08,445
P0DW59,482
P0DX11,260
P0DX12,201
P0DX14,519
P0DX84,539
P0DX91,379
P0DXA3,443
P0DXB4,485
P0DXB5,435
P0DXB6,520
P0DXB7,353
P10056,348
P10283,403
P10323,421
P10341,315
P10378,536
P10480,335
P10481,382
P10539,358
P10594,532
P10605,339
P10611,510
P10619,480
P10773,117
P10848,379
P10901,461
P10907,356
P10908,247
P11178,455
P11295,425
P11347,458
P11350,225
P11411,486
P11415,329
P11435,295
P11491,566
P11504,212
P11569,477
P11570,379
P11635,339
P11658,292
P11797,499
P11803,359
P11838,419
P11880,452
P11915,547
P11954,329
P11959,470
P12011,513
P12019,452
P12045,380
P12217,316
P12256,338
P12282,249
P12426,182
P12609,329
P12614,459
P12617,504
P12630,587
P12670,247
P12691,401
P12693,483
P12695,482
P12747,193
P12748,479
P12769,445
P12867,466
P12998,384
P13039,400
P13080,519
P13246,286
P13250,263
P13259,424
P13266,419
P13394,484
P13440,277
P13443,382
P13507,548
P13522,479
P13527,509
P13663,365
P13703,301
P13723,532
P13734,505
P13735,472
P13906,424
P13956,244
P14005,568
P14011,243
P14020,267
P14137,526
P14169,338
P14243,300
P14299,276
P14300,294
P14488,256
P14508,250
P14518,212
P14529,326
P14530,478
P14532,346
P14575,269
P14626,111
P14697,246
P14746,463
P14769,368
P14778,569
P14827,452
P14892,251
P14899,499
P14904,514
P14930,522
P14940,366
P15031,255
P15034,441
P15052,518
P15120,434
P15280,514
P15287,525
P15288,485
P15309,386
P15369,260
P15446,358
P15454,187
P15535,399
P15555,406
P15565,570
P15703,313
P15770,272
P15802,357
P15840,386
P16142,339
P16152,277
P16166,471
P16184,206
P16228,398
P16267,462
P16426,183
P16442,354
P16538,426
P16539,409
P16558,149
P16559,494
P16640,422
P16688,281
P16689,378
P16699,513
P16854,540
P16857,113
P16923,213
P16932,433
P17044,409
P17055,241
P17058,281
P17059,494
P17060,289
P17067,328
P17289,491
P17411,450
P17516,323
P17549,517
P17554,555
P17560,402
P17576,340
P17633,361
P17712,465
P17721,333
P17811,312
P17898,393
P17906,199
P17967,522
P17974,426
P17982,275
P17989,349
P18051,265
P18080,513
P18126,511
P18150,272
P18159,581
P18188,564
P18240,591
P18261,340
P18299,357
P18326,406
P18394,301
P18424,440
P18539,376
P18584,497
P18767,585
P18898,376
P18952,319
P19059,486
P19076,283
P19080,127
P19223,415
P19254,409
P19262,463
P19264,453
P19406,461
P19412,166
P19582,433
P19584,551
P19638,123
P19643,520
P19732,517
P19733,119
P19734,353
P19791,238
P19813,578
P19816,337
P19840,327
P19866,401
P19871,254
P19920,288
P19992,255
P20010,361
P20035,231
P20048,519
P20049,452
P20074,220
P20114,243
P20170,508
P20253,118
P20368,337
P20370,134
P20419,398
P20441,201
P20463,462
P20581,301
P20588,262
P20692,371
P20712,583
P20845,520
P20897,202
P20906,528
P20910,550
P20932,393
P20960,356
P21130,472
P21165,443
P21182,396
P21203,285
P21219,203
P21220,229
P21248,262
P21311,285
P21325,586
P21338,268
P21375,501
P21395,369
P21529,508
P21588,576
P21631,280
P21633,333
P21636,261
P21637,459
P21640,254
P21686,431
P21687,382
P21795,394
P21829,272
P21861,171
P21883,442
P21902,375
P21908,324
P21920,261
P21953,392
P21955,348
P21965,375
P22007,431
P22008,273
P22108,325
P22133,377
P22143,244
P22256,426
P22259,540
P22304,550
P22348,339
P22434,369
P22438,575
P22441,271
P22505,448
P22517,447
P22557,587
P22580,549
P22630,464
P22635,139
P22636,302
P22637,552
P22680,504
P22694,351
P22757,587
P22806,389
P22822,245
P22824,307
P22868,348
P22869,527
P22894,467
P22906,192
P22939,299
P22984,521
P23033,544
P23034,392
P23070,320
P23072,485
P23133,276
P23145,269
P23179,398
P23181,177
P23189,451
P23191,416
P23194,342
P23202,354
P23222,505
P23234,552
P23256,390
P23262,434
P23295,403
P23354,318
P23386,316
P23394,588
P23433,351
P23445,438
P23536,586
P23540,191
P23551,411
P23616,285
P23621,443
P23661,409
P23669,481
P23673,221
P23797,304
P23883,495
P23917,302
P23940,213
P23941,423
P23973,471
P23991,376
P24011,356
P24012,207
P24040,560
P24087,406
P24100,294
P24133,533
P24158,256
P24162,257
P24197,271
P24205,323
P24267,254
P24272,378
P24396,404
P24397,344
P24473,226
P24504,270
P24521,451
P24549,501
P24556,481
P24582,334
P24920,531
P25045,558
P25052,236
P25125,343
P25152,455
P25238,417
P25265,354
P25283,358
P25335,343
P25345,492
P25415,329
P25524,427
P25553,479
P25576,258
P25779,467
P25780,321
P25906,286
P25975,334
P26172,391
P26175,561
P26177,333
P26208,448
P26216,410
P26236,224
P26239,350
P26295,327
P26324,234
P26340,480
P26364,225
P26396,257
P26397,359
P26401,333
P26405,477
P26406,476
P26458,378
P26470,381
P26504,449
P26514,477
P26515,335
P26613,494
P26690,315
P26829,519
P26836,342
P26844,284
P26900,329
P26923,196
P26925,350
P26939,274
P26989,519
P27032,332
P27061,255
P27099,370
P27128,339
P27138,598
P27155,483
P27156,481
P27241,283
P27250,339
P27346,421
P27350,460
P27354,394
P27414,369
P27431,373
P27477,320
P27545,350
P27580,403
P27603,365
P27621,381
P27629,470
P27644,312
P27652,311
P27660,373
P27680,312
P27696,559
P27735,429
P27747,374
P27763,220
P27765,506
P27771,263
P27808,447
P27832,224
P27833,376
P27848,266
P27887,307
P27897,284
P28005,173
P28019,186
P28298,538
P28313,364
P28321,313
P28475,310
P28496,418
P28581,249
P28623,515
P28744,392
P28811,298
P28817,500
P28821,293
P28904,551
P28999,555
P29027,542
P29030,504
P29082,309
P29363,469
P29379,226
P29422,503
P29468,568
P29495,404
P29523,550
P29620,424
P29677,504
P29686,511
P29703,316
P29768,382
P29781,304
P29783,200
P29787,266
P29808,271
P29811,214
P29828,512
P29906,240
P29928,238
P29951,461
P29954,387
P30011,297
P30041,224
P30099,510
P30101,505
P30111,291
P30138,251
P30147,258
P30180,288
P30263,507
P30292,499
P30419,416
P30566,484
P30648,197
P30793,250
P30826,145
P30838,453
P30840,529
P30871,433
P30887,358
P30919,345
P31003,327
P31030,392
P31072,479
P31112,251
P31115,442
P31116,359
P31129,296
P31134,377
P31142,281
P31206,544
P31228,341
P31301,394
P31427,573
P31429,410
P31528,321
P31570,196
P31579,271
P31592,435
P31668,197
P31754,480
P31759,593
P31765,340
P31843,142
P31937,336
P31938,393
P31941,199
P32063,385
P32068,595
P32090,112
P32143,298
P32166,308
P32179,357
P32232,561
P32316,526
P32322,319
P32329,569
P32340,513
P32358,579
P32363,452
P32375,460
P32378,372
P32434,355
P32451,375
P32452,334
P32462,438
P32573,292
P32582,507
P32604,452
P32622,495
P32656,232
P32701,528
P32718,309
P32721,510
P32748,405
P32783,436
P32813,157
P32816,370
P32891,587
P32895,427
P32906,549
P32953,565
P32960,227
P33008,488
P33010,319
P33180,494
P33207,319
P33217,312
P33261,490
P33290,408
P33300,382
P33330,395
P33376,283
P33377,333
P33378,289
P33412,323
P33447,416
P33518,593
P33558,512
P33619,261
P33664,236
P33665,278
P33673,301
P33696,301
P33751,242
P33772,289
P33881,216
P33883,201
P33907,211
P33967,140
P34024,317
P34048,269
P34135,552
P34163,548
P34179,203
P34182,478
P34205,556
P34227,261
P34254,273
P34317,507
P34345,250
P34409,596
P34439,298
P34442,359
P34517,392
P34548,289
P34559,288
P34809,491
P34843,259
P34849,333
P34857,167
P34882,248
P34884,115
P34891,488
P34892,495
P34905,374
P34906,344
P34913,555
P34946,423
P34948,441
P34960,473
P35028,194
P35049,248
P35136,525
P35159,244
P35164,589
P35170,366
P35182,281
P35196,286
P35270,261
P35336,467
P35482,368
P35489,544
P35493,556
P35575,357
P35667,308
P35669,498
P35731,278
P35842,467
P36007,326
P36052,402
P36059,337
P36136,271
P36218,229
P36234,322
P36267,575
P36269,586
P36368,261
P36421,394
P36423,533
P36550,360
P36591,461
P36596,460
P36615,306
P36894,532
P36911,339
P36912,335
P36913,329
P36924,546
P36938,546
P36945,293
P36951,264
P36999,269
P37025,176
P37031,388
P37062,447
P37079,267
P37197,465
P37226,312
P37302,537
P37333,459
P37337,408
P37351,149
P37353,451
P37388,513
P37402,303
P37419,398
P37447,289
P37462,216
P37469,454
P37515,184
P37529,217
P37530,207
P37540,329
P37544,292
P37552,125
P37634,280
P37701,460
P37702,541
P37743,576
P37747,367
P37763,328
P37769,253
P37774,250
P37777,361
P37794,249
P37818,323
P37820,359
P37829,319
P37887,308
P37942,424
P37965,293
P37980,289
P37981,179
P38025,411
P38032,531
P38033,395
P38046,274
P38067,497
P38109,508
P38115,344
P38119,296
P38122,312
P38221,457
P38230,334
P38238,310
P38278,337
P38332,387
P38340,232
P38342,320
P38422,389
P38448,213
P38462,172
P38487,411
P38489,217
P38626,284
P38635,335
P38645,473
P38652,562
P38677,366
P38698,397
P38705,446
P38709,493
P38710,295
P38744,120
P38773,246
P38787,379
P38812,185
P38821,490
P38840,513
P38858,249
P38913,306
P38940,588
P38947,453
P38961,392
P38986,381
P38999,446
P39041,434
P39045,538
P39049,285
P39050,491
P39058,444
P39062,572
P39071,261
P39073,555
P39119,366
P39145,463
P39155,150
P39160,486
P39163,231
P39197,318
P39208,187
P39211,499
P39346,343
P39400,340
P39461,438
P39464,330
P39465,328
P39525,442
P39567,403
P39574,390
P39575,513
P39576,363
P39582,311
P39583,210
P39597,416
P39604,393
P39605,249
P39610,271
P39616,456
P39629,246
P39630,315
P39646,323
P39661,512
P39662,403
P39666,289
P39676,399
P39701,202
P39713,417
P39714,382
P39823,177
P39831,248
P39844,491
P39851,228
P39877,138
P39878,150
P39889,112
P39890,109
P39898,452
P39912,358
P39965,576
P39976,496
P39979,161
P39994,560
P39997,493
P40011,234
P40012,539
P40034,492
P40051,511
P40137,424
P40138,352
P40152,326
P40165,246
P40363,299
P40375,565
P40376,512
P40394,394
P40399,335
P40407,414
P40459,309
P40481,377
P40493,336
P40495,371
P40506,365
P40510,469
P40530,394
P40553,215
P40582,234
P40714,477
P40740,469
P40746,245
P40808,393
P40811,574
P40813,529
P40817,404
P40829,446
P40852,231
P40857,217
P40942,387
P40952,398
P40963,338
P40974,478
P40997,402
P40999,330
P41027,182
P41131,443
P41141,409
P41241,450
P41247,253
P41277,250
P41279,467
P41394,349
P41399,376
P41498,158
P41654,334
P41734,238
P41756,417
P41766,359
P41808,388
P41833,600
P41835,540
P41888,569
P41893,156
P41903,349
P41929,392
P41931,422
P41994,251
P42068,319
P42126,285
P42216,246
P42220,318
P42240,510
P42251,583
P42269,468
P42270,267
P42305,479
P42329,488
P42360,251
P42366,163
P42403,477
P42404,185
P42407,272
P42414,325
P42425,552
P42428,372
P42437,483
P42451,243
P42452,264
P42454,393
P42525,529
P42620,328
P42630,454
P42663,511
P42687,497
P42712,376
P42720,326
P42784,414
P42813,230
P42814,259
P42822,234
P42826,600
P42829,269
P42864,466
P42865,340
P42867,410
P42881,446
P42941,309
P42962,249
P43065,382
P43073,226
P43077,562
P43096,588
P43152,211
P43212,514
P43232,392
P43317,242
P43334,262
P43374,245
P43420,315
P43421,224
P43468,288
P43471,501
P43496,334
P43503,487
P43522,192
P43525,385
P43538,392
P43550,591
P43567,385
P43568,368
P43577,159
P43623,340
P43641,233
P43747,344
P43749,144
P43770,252
P43775,437
P43791,160
P43799,563
P43846,212
P43850,362
P43870,300
P43886,267
P43902,377
P43948,453
P44094,315
P44121,268
P44157,163
P44298,309
P44308,370
P44311,494
P44326,372
P44331,306
P44332,269
P44411,155
P44414,518
P44442,399
P44445,324
P44454,349
P44458,465
P44459,500
P44460,291
P44462,335
P44482,314
P44493,432
P44498,286
P44502,369
P44521,209
P44529,176
P44550,346
P44565,452
P44578,325
P44611,247
P44627,245
P44635,158
P44638,135
P44684,217
P44704,455
P44723,263
P44828,323
P44869,193
P44875,217
P44893,256
P44905,187
P44916,329
P44988,225
P45161,479
P45210,404
P45213,353
P45239,311
P45249,260
P45295,564
P45298,283
P45313,337
P45314,180
P45376,316
P45419,195
P45436,508
P45439,319
P45450,454
P45479,306
P45493,383
P45543,261
P45617,573
P45623,417
P45703,330
P45741,409
P45744,398
P45759,493
P45798,286
P45821,418
P45855,393
P45951,536
P45982,517
P45983,427
P45986,365
P46057,374
P46086,378
P46154,399
P46284,389
P46309,522
P46354,271
P46363,302
P46376,255
P46415,379
P46416,539
P46429,203
P46450,562
P46545,368
P46547,425
P46548,450
P46554,333
P46559,369
P46646,403
P46707,393
P46807,388
P46813,291
P46843,458
P46850,408
P46852,231
P46854,162
P46859,175
P46861,507
P46876,462
P46925,453
P46952,286
P46960,311
P46992,396
P47039,444
P47125,453
P47143,340
P47195,487
P47228,298
P47229,286
P47232,190
P47252,210
P47267,512
P47295,238
P47302,277
P47304,332
P47348,315
P47360,236
P47364,340
P47391,269
P47512,336
P47514,384
P47515,326
P47518,180
P47599,393
P47612,385
P47618,537
P47622,213
P47623,248
P47631,447
P47668,572
P47672,243
P47707,520
P47722,220
P47723,544
P47771,506
P47783,160
P47855,236
P48015,400
P48052,419
P48246,251
P48368,300
P48408,396
P48421,502
P48567,403
P48624,383
P48628,424
P48635,397
P48638,459
P48639,449
P48758,277
P48789,369
P48797,276
P48815,258
P48841,376
P48847,349
P48861,508
P48903,497
P48914,437
P48982,598
P48993,381
P49009,538
P49010,596
P49017,307
P49058,404
P49156,264
P49191,320
P49236,342
P49247,311
P49348,331
P49352,342
P49363,407
P49370,331
P49425,558
P49442,396
P49519,455
P49572,402
P49583,362
P49587,370
P49602,561
P49726,502
P49775,206
P49776,182
P49888,294
P49895,201
P49943,325
P49954,291
P49957,279
P49983,229
P50000,502
P50097,503
P50107,326
P50113,272
P50139,332
P50166,282
P50170,317
P50171,274
P50172,292
P50178,269
P50187,317
P50188,413
P50189,308
P50190,362
P50193,336
P50194,230
P50277,480
P50280,267
P50298,290
P50315,401
P50325,421
P50343,274
P50388,489
P50426,559
P50429,534
P50473,567
P50513,317
P50521,455
P50554,500
P50613,346
P50677,201
P50694,245
P50729,496
P50735,427
P50828,459
P50845,324
P50858,152
P50859,533
P50864,237
P50869,210
P50933,304
P51012,228
P51045,386
P51110,337
P51136,467
P51163,265
P51174,430
P51335,382
P51394,356
P51529,383
P51538,503
P51539,194
P51542,501
P51546,393
P51589,502
P51656,344
P51658,381
P51688,502
P51850,593
P51852,545
P51853,563
P51857,326
P51869,522
P51900,183
P51961,218
P52020,573
P52111,512
P52150,435
P52213,315
P52289,469
P52393,270
P52409,461
P52410,473
P52426,435
P52498,248
P52559,362
P52674,522
P52700,290
P52704,257
P52707,573
P52708,510
P52837,320
P52841,287
P52842,285
P52878,370
P52892,507
P52894,482
P52897,323
P52902,397
P52905,252
P52911,562
P52984,207
P52986,433
P52989,200
P52996,277
P53000,410
P53004,296
P53065,400
P53090,500
P53095,428
P53096,452
P53101,465
P53123,320
P53128,600
P53144,215
P53170,491
P53177,273
P53178,202
P53184,216
P53206,393
P53208,328
P53223,239
P53230,385
P53296,535
P53312,427
P53314,239
P53332,305
P53368,156
P53526,294
P53554,395
P53555,448
P53582,386
P53609,377
P53615,221
P53634,463
P53700,264
P53703,280
P53720,384
P53727,317
P53759,423
P53839,350
P53915,240
P53916,434
P53933,587
P53934,400
P53944,314
P53954,548
P53961,229
P53965,281
P53972,490
P53993,470
P54137,298
P54150,258
P54151,257
P54157,365
P54202,367
P54212,589
P54225,387
P54291,201
P54352,518
P54360,583
P54386,428
P54427,267
P54444,432
P54461,256
P54462,451
P54471,238
P54530,299
P54570,185
P54572,439
P54575,316
P54610,401
P54629,258
P54638,447
P54691,305
P54716,449
P54721,285
P54772,413
P54832,354
P54857,326
P54871,462
P54873,461
P54874,447
P54885,456
P54893,261
P54897,285
P54906,379
P54918,372
P54923,362
P54965,329
P54972,242
P54975,304
P54979,517
P54987,488
P54997,365
P55059,505
P55211,416
P55215,452
P55217,563
P55220,591
P55263,327
P55301,297
P55304,479
P55338,415
P55356,474
P55357,512
P55463,296
P55468,195
P55664,332
P55683,368
P55708,336
P55772,510
P55784,220
P55785,320
P55790,418
P55792,490
P55800,328
P55807,312
P55818,288
P55826,537
P55865,386
P55880,196
P55881,325
P55929,334
P55971,332
P55983,341
P56061,276
P56072,455
P56160,259
P56176,466
P56200,285
P56216,560
P56344,236
P56389,146
P56406,132
P56411,128
P56435,247
P56471,366
P56544,120
P56601,471
P56681,387
P56707,338
P56725,454
P56818,501
P56839,295
P56858,174
P56860,255
P56861,192
P56863,379
P56961,478
P57109,212
P57136,191
P57178,467
P57250,313
P57279,197
P57302,396
P57316,497
P57347,314
P57351,456
P57353,260
P57377,224
P57386,483
P57389,420
P57487,250
P57533,147
P57537,282
P57551,589
P57561,175
P57620,413
P57624,265
P57638,237
P57681,500
P57696,283
P57706,344
P57750,556
P57779,334
P57814,194
P57928,483
P58119,420
P58201,211
P58291,255
P58314,281
P58347,289
P58407,308
P58408,349
P58409,361
P58416,188
P58467,439
P58493,242
P58551,240
P58578,315
P58584,204
P58592,238
P58598,531
P58601,396
P58603,317
P58711,362
P58736,391
P58761,158
P58781,503
P58793,425
P58851,279
P58853,209
P58860,183
P58879,201
P58900,520
P58984,339
P59010,233
P59121,306
P59225,551
P59297,285
P59315,431
P59322,412
P59337,310
P59341,543
P59398,435
P59462,252
P59490,207
P59557,323
P59625,312
P59662,204
P59668,400
P59779,312
P59814,345
P59822,570
P59828,529
P59829,303
P59835,320
P59838,321
P59883,348
P59912,291
P60089,370
P60348,374
P60353,260
P60495,240
P60539,131
P60551,203
P60554,212
P60556,220
P60806,325
P60809,339
P60861,431
P60918,422
P60922,404
P60927,206
P61191,139
P61292,327
P61294,208
P61488,405
P61497,420
P61585,193
P61656,287
P61727,181
P61736,462
P61747,322
P61783,202
P61816,130
P61818,202
P61887,293
P61922,500
P61938,400
P61986,367
P62059,386
P62060,393
P62062,385
P62064,413
P62224,218
P62252,391
P62368,240
P62381,206
P62467,261
P62577,219
P62640,371
P62642,193
P62647,365
P63131,156
P63177,243
P63186,587
P63491,484
P63493,462
P63497,475
P63517,417
P63703,325
P63778,373
P63807,219
P63857,203
P63936,294
P64019,256
P64185,585
P64355,210
P64554,223
P64804,193
P65398,150
P65725,244
P65831,494
P65840,231
P65894,422
P65897,188
P66775,258
P66974,243
P67064,239
P67203,262
P67918,305
P68175,344
P68735,521
P69060,432
P69910,466
P69924,376
P69990,144
P70245,230
P70343,373
P70352,309
P70453,482
P70473,382
P70715,232
P70718,484
P70720,242
P70728,376
P70752,123
P70774,207
P70787,364
P70814,371
P70870,326
P70947,270
P70986,509
P71016,490
P71019,317
P71043,163
P71079,250
P71119,215
P71128,299
P71276,408
P71319,298
P71405,171
P71426,205
P71447,221
P71512,158
P71513,130
P71534,255
P71615,336
P71725,247
P71730,322
P71864,563
P71889,302
P72139,251
P72156,474
P72158,360
P72183,352
P72227,160
P72242,379
P72253,394
P72349,484
P72541,129
P72660,196
P72667,303
P72703,306
P72740,474
P72785,505
P72830,361
P72943,446
P73157,218
P73211,288
P73212,343
P73242,293
P73248,289
P73265,266
P73283,416
P73534,591
P73548,293
P73651,284
P73667,208
P73726,308
P73761,231
P73821,554
P73824,154
P73825,396
P73826,240
P74038,279
P74104,556
P74158,287
P74180,393
P74181,518
P74217,524
P74257,553
P74285,388
P74292,558
P74304,217
P74308,327
P74334,490
P74388,318
P74562,553
P74572,267
P74606,264
P74653,233
P74721,336
P74733,308
P74745,535
P74836,298
P74921,273
P74945,193
P74965,295
P75038,300
P75051,133
P75052,421
P75059,560
P75067,451
P75068,557
P75070,191
P75081,206
P75092,309
P75096,269
P75119,175
P75144,324
P75172,450
P75225,564
P75257,166
P75298,408
P75305,197
P75313,354
P75359,320
P75365,370
P75389,479
P75393,457
P75430,164
P75438,529
P75442,344
P75466,308
P75476,328
P75479,266
P75522,215
P75528,202
P75534,478
P75549,289
P75587,269
P75713,261
P75726,510
P75728,391
P75745,310
P75809,271
P75849,215
P75908,452
P75995,507
P76014,210
P76015,356
P76038,254
P76041,559
P76082,255
P76113,345
P76149,462
P76236,491
P76237,496
P76261,532
P76395,253
P76422,266
P76445,237
P76446,518
P76518,381
P76553,395
P76641,439
P77161,292
P77397,554
P77425,411
P77434,412
P77467,262
P77473,516
P77625,216
P77781,136
P77790,193
P77806,386
P77814,440
P77816,123
P77844,329
P77938,296
P78003,383
P78008,364
P78028,160
P78061,472
P78067,435
P78329,520
P78575,430
P78581,588
P78587,449
P78600,575
P78609,303
P78715,592
P78825,340
P78970,390
P79001,521
P79046,429
P79126,543
P80003,142
P80030,385
P80042,369
P80046,475
P80057,316
P80064,357
P80094,360
P80175,371
P80185,267
P80193,383
P80276,316
P80324,368
P80357,338
P80405,201
P80435,472
P80489,456
P80507,169
P80561,445
P80576,481
P80668,499
P80702,257
P80884,345
P80885,585
P80906,186
P80908,352
P80969,226
P81055,168
P81177,509
P81291,424
P81380,179
P81453,407
P81477,180
P81529,114
P81535,348
P81701,557
P81717,177
P81762,101
P82174,121
P82371,290
P82474,221
P82476,412
P82597,250
P82602,450
P82604,351
P83006,390
P83098,346
P83100,356
P83104,393
P83223,596
P83291,328
P83310,295
P83453,432
P83534,540
P83589,346
P83749,304
P83772,260
P83775,341
P83778,337
P83851,314
P84010,355
P84138,274
P84844,119
P85207,461
P86029,303
P86325,497
P86383,122
P86397,168
P86831,522
P86924,416
P86926,469
P86955,466
P87118,286
P87171,341
P87175,523
P87208,568
P87214,251
P87241,405
P87242,198
P87305,203
P90551,366
P90925,457
P90986,519
P91079,458
P91268,350
P91850,115
P91856,370
P91931,347
P92980,458
P93046,293
P93082,502
P93147,499
P93149,523
P93243,422
P93324,372
P93479,535
P93665,554
P93740,280
P93762,546
P94111,335
P94136,235
P94170,264
P94212,498
P94248,460
P94282,528
P94284,326
P94300,200
P94338,246
P94358,485
P94364,468
P94368,276
P94388,318
P94417,454
P94424,249
P94428,462
P94464,447
P94465,230
P94494,394
P94512,260
P94526,272
P94531,500
P94534,444
P94535,470
P94544,570
P94547,560
P94549,258
P94552,495
P94681,252
P94682,476
P94845,481
P94871,290
P95414,147
P95442,481
P95470,347
P95474,314
P95480,538
P95608,373
P95619,406
P95727,280
P95747,452
P95748,255
P95780,348
P95803,349
P95867,561
P95896,504
P95963,301
P96010,290
P96051,278
P96074,435
P96108,313
P96111,527
P96122,269
P96166,399
P96264,500
P96463,475
P96559,407
P96645,329
P96648,266
P96688,300
P96717,254
P96741,286
P96843,507
P96890,600
P97052,217
P97084,364
P97328,298
P97697,277
P97770,505
P97864,303
P98000,591
P98191,461
P9WEP8,204
P9WES7,287
P9WEW8,324
P9WEY7,334
P9WFW8,372
P9WFZ1,280
P9WFZ5,391
P9WG51,261
P9WGA8,390
P9WGC5,387
P9WGC9,217
P9WGE5,523
P9WGG1,196
P9WGJ3,308
P9WGL5,501
P9WGS9,254
P9WGW6,285
P9WGZ4,224
P9WGZ9,558
P9WHF4,284
P9WHH7,493
P9WHK9,179
P9WHM0,174
P9WHM5,215
P9WHQ7,527
P9WHQ9,202
P9WHS8,354
P9WHU7,295
P9WIA8,514
P9WIB9,199
P9WID3,339
P9WID8,154
P9WIN0,265
P9WIP3,292
P9WIQ1,399
P9WIS7,553
P9WIX9,217
P9WIY1,141
P9WIY3,317
P9WJ03,555
P9WJ61,296
P9WJ63,268
P9WJ93,358
P9WJA1,394
P9WJI5,283
P9WJP5,493
P9WJR0,141
P9WJR2,147
P9WK35,201
P9WK87,319
P9WKA0,294
P9WKA3,505
P9WKA5,448
P9WKA6,497
P9WKA9,446
P9WKB1,472
P9WKB3,491
P9WKB5,445
P9WKB7,469
P9WKB9,502
P9WKC1,459
P9WKC3,474
P9WKC8,463
P9WKE3,326
P9WKE5,472
P9WKH1,359
P9WKH3,105
P9WKJ1,267
P9WKQ1,490
P9WKZ1,295
P9WL45,231
P9WMB4,316
P9WMK5,346
P9WMK9,195
P9WMP1,452
P9WMP4,329
P9WMS3,300
P9WMU2,274
P9WMU9,397
P9WMW9,324
P9WMX3,304
P9WMY9,414
P9WMZ1,387
P9WN05,522
P9WN19,488
P9WN21,362
P9WN37,446
P9WN46,321
P9WN70,466
P9WN81,516
P9WN97,524
P9WNB9,268
P9WNC1,255
P9WND1,280
P9WNE5,181
P9WNG5,302
P9WNP3,151
P9WNP5,314
P9WNW7,300
P9WNW9,444
P9WNX7,518
P9WP26,320
P9WP28,309
P9WP51,464
P9WP53,323
P9WP65,318
P9WP83,214
P9WPG5,209
P9WPH0,339
P9WPH3,133
P9WPL4,372
P9WPN7,489
P9WPP1,433
P9WPP2,428
P9WPP7,396
P9WPX5,315
P9WPZ5,397
P9WPZ7,400
P9WQ06,212
P9WQ27,526
P9WQ35,443
P9WQ37,503
P9WQ38,383
P9WQ41,521
P9WQ43,583
P9WQ47,584
P9WQ51,548
P9WQ55,540
P9WQ71,393
P9WQC0,346
P9WQC2,367
P9WQD5,261
Q00017,250
Q00216,359
Q00234,539
Q00267,281
Q00390,398
Q00441,404
Q00456,500
Q00460,327
Q00472,298
Q00511,302
Q00598,363
Q00618,327
Q00674,263
Q00675,286
Q00740,338
Q00764,495
Q00770,431
Q00777,272
Q00796,357
Q00853,269
Q00870,350
Q00871,271
Q00873,224
Q00924,249
Q00972,412
Q00983,260
Q01065,535
Q01205,454
Q01264,414
Q01269,268
Q01399,224
Q01447,485
Q01578,356
Q01682,463
Q01693,504
Q01782,288
Q01802,451
Q01911,388
Q01917,474
Q01958,315
Q01976,231
Q01Q15,357
Q01Q40,286
Q01Q43,494
Q01RU9,264
Q01T78,252
Q01WE6,275
Q01WJ8,472
Q02001,456
Q02003,198
Q02046,320
Q02068,383
Q02075,599
Q02081,531
Q02139,570
Q02149,262
Q02150,269
Q02155,493
Q02196,202
Q02198,296
Q02219,392
Q02253,535
Q02293,437
Q022T0,414
Q02522,183
Q02636,389
Q02736,219
Q02751,570
Q02765,330
Q02769,416
Q02883,468
Q02891,456
Q02912,348
Q029X9,295
Q02A16,287
Q02AL5,304
Q02N15,275
Q02N79,382
Q02QM1,278
Q02XL9,321
Q02XT4,472
Q02Y43,279
Q02Y75,389
Q02YS6,218
Q03023,479
Q03034,503
Q03046,398
Q03047,314
Q03055,408
Q03084,275
Q03134,365
Q03144,224
Q03175,343
Q03184,407
Q03298,404
Q03304,326
Q03331,390
Q03447,271
Q03467,370
Q03469,268
Q03520,248
Q03574,291
Q03638,552
Q03649,449
Q03736,303
Q03764,534
Q03786,193
Q03796,238
Q038L4,239
Q03A83,234
Q03PA4,340
Q03PZ7,157
Q03RW0,277
Q03SI5,361
Q03V79,305
Q03VR7,295
Q03W33,320
Q03W65,362
Q03X09,392
Q03XY9,156
Q03Y85,508
Q03YJ8,201
Q03Z41,315
Q03ZE9,336
Q03ZI1,377
Q04066,261
Q04082,140
Q04089,582
Q040Z7,230
Q04178,221
Q04179,340
Q04212,335
Q04235,462
Q04299,284
Q04396,274
Q043S5,398
Q04430,367
Q04448,309
Q04452,114
Q04458,532
Q04507,276
Q04513,436
Q04518,259
Q04616,507
Q04631,377
Q04718,514
Q04751,285
Q04760,184
Q04789,570
Q04795,160
Q047M3,307
Q04800,564
Q04845,376
Q04983,293
Q049V7,298
Q04B73,460
Q04D35,507
Q04DN4,139
Q04DS4,426
Q04ES8,325
Q04EU0,241
Q04FB3,268
Q04HB6,346
Q04HB7,371
Q04HC3,210
Q04HC7,437
Q04JL8,481
Q04M86,336
Q04NC3,250
Q04NV4,441
Q04QV4,145
Q04R57,363
Q04RQ6,269
Q04S98,285
Q04SK8,255
Q04U42,440
Q04W85,219
Q05016,267
Q05047,524
Q05053,558
Q05115,240
Q05182,324
Q05197,203
Q05205,539
Q05213,276
Q05421,493
Q05511,416
Q05513,592
Q05567,589
Q05591,263
Q05593,237
Q05601,210
Q05603,356
Q05624,302
Q05632,192
Q056S8,241
Q05741,322
Q05758,591
Q057J5,209
Q057M1,343
Q057R2,596
Q057R6,126
Q05819,384
Q05855,312
Q05865,430
Q05876,534
Q05888,137
Q058A3,245
Q058B2,376
Q058C9,587
Q05936,494
Q05957,318
Q05961,358
Q05B50,298
Q06004,353
Q06006,363
Q06063,367
Q06069,410
Q06086,514
Q06101,476
Q06115,324
Q06119,137
Q06121,248
Q06128,421
Q06129,195
Q06137,509
Q06151,350
Q06178,401
Q06204,433
Q06241,202
Q06244,254
Q06287,252
Q06350,511
Q06365,398
Q06378,356
Q06475,233
Q06494,345
Q06504,195
Q06508,300
Q06509,364
Q06530,431
Q06539,364
Q06549,142
Q06667,281
Q06703,312
Q06801,576
Q06816,440
Q06892,414
Q06893,342
Q06915,478
Q06FP3,219
Q06J25,195
Q06J39,358
Q07002,474
Q07010,210
Q07130,508
Q07181,373
Q071N0,311
Q07204,411
Q07250,415
Q07251,349
Q07412,248
Q07505,273
Q07560,283
Q07606,341
Q07637,502
Q07703,396
Q07729,489
Q07794,436
Q077R2,251
Q07801,229
Q07838,406
Q078T0,517
Q07923,191
Q07933,526
Q07938,337
Q07940,312
Q07950,538
Q07982,433
Q07993,356
Q07QM9,261
Q07TX5,281
Q07WJ0,306
Q08227,384
Q08291,297
Q08304,596
Q08325,293
Q083S7,298
Q08432,387
Q08448,450
Q08477,520
Q08558,271
Q08645,548
Q08650,418
Q08654,589
Q08686,304
Q08689,176
Q08742,149
Q08751,585
Q08975,551
Q089C0,579
Q08AH3,577
Q08BC6,576
Q08BT9,512
Q08D86,370
Q08DD1,507
Q08IC0,525
Q08VU0,406
Q09190,133
Q09195,424
Q09265,288
Q09315,376
Q09327,533
Q09357,479
Q09363,356
Q09438,288
Q09440,507
Q09450,521
Q09451,413
Q09509,510
Q09629,222
Q09644,426
Q09670,382
Q09675,240
Q09687,518
Q09693,506
Q09751,302
Q09770,542
Q09790,210
Q09833,527
Q09859,170
Q09899,336
Q09907,355
Q09927,209
Q09991,470
Q09KQ6,251
Q0A757,196
Q0A7X7,239
Q0A7X8,258
Q0A8J8,360
Q0A9D7,142
Q0AE32,255
Q0AFI6,349
Q0AGL1,461
Q0AGZ8,178
Q0AHQ0,275
Q0AKQ2,214
Q0ALP0,585
Q0ALV0,303
Q0AP80,294
Q0APD6,254
Q0APT7,542
Q0APV5,344
Q0APZ9,392
Q0ARY3,401
Q0AST1,259
Q0AU85,345
Q0AVE3,268
Q0AVM1,260
Q0AW37,217
Q0AWX5,272
Q0AX10,249
Q0AXI3,439
Q0AXL4,314
Q0AZ31,161
Q0AZ87,266
Q0AZF5,277
Q0B016,276
Q0B295,267
Q0B7X0,506
Q0B950,335
Q0BB41,413
Q0BBD6,471
Q0BCH4,342
Q0BE17,237
Q0BGD7,517
Q0BPA5,385
Q0BQ80,367
Q0BTX8,249
Q0BV25,384
Q0BV49,258
Q0BVF4,274
Q0BWA4,344
Q0BWB0,207
Q0BWF7,193
Q0BZD8,261
Q0C190,486
Q0C4M2,308
Q0C511,316
Q0C5U1,449
Q0C600,219
Q0C6A6,270
Q0C6A7,198
Q0C8J3,406
Q0C8M2,256
Q0C8M4,528
Q0CCX5,446
Q0CCY5,486
Q0CFS3,231
Q0CS61,410
Q0CUG5,396
Q0CX54,379
Q0DBF4,510
Q0DGU2,260
Q0DIT2,528
Q0DKE8,441
Q0DV32,552
Q0E2Y1,551
Q0H8Y9,538
Q0HIL5,344
Q0HM63,338
Q0HM78,179
Q0HPU6,264
Q0HRD8,342
Q0HYN8,361
Q0HZE8,367
Q0I132,212
Q0I195,247
Q0I322,358
Q0I3D1,427
Q0I586,394
Q0I5M5,144
Q0I6T7,310
Q0I9N0,348
Q0IAL0,360
Q0ICL5,202
Q0IG34,400
Q0IHH1,273
Q0II71,323
Q0IID9,559
Q0IIJ0,169
Q0INZ4,414
Q0IP69,375
Q0J0B2,547
Q0J0H4,376
Q0J2R1,367
Q0J7N5,323
Q0J998,404
Q0JFI2,516
Q0JIL1,394
Q0JKM9,403
Q0JMH0,577
Q0JR55,425
Q0K4F6,415
Q0K845,493
Q0KBC9,217
Q0KHU5,533
Q0MQG8,264
Q0P466,408
Q0P4Y1,324
Q0P570,400
Q0P8I9,339
Q0P8J7,200
Q0P8J8,253
Q0P8J9,170
Q0P8S7,235
Q0P8T0,384
Q0P8T1,334
Q0P8U0,343
Q0P8U6,232
Q0P9C5,359
Q0P9C6,309
Q0P9C7,365
Q0P9D0,200
Q0P9D1,195
Q0P9D3,386
Q0P9X6,262
Q0PBB6,209
Q0PCD7,545
Q0PCF4,314
Q0PHY0,297
Q0QFQ1,320
Q0QFQ2,348
Q0QLE1,163
Q0QLE4,289
Q0QLE6,380
Q0QLF1,330
Q0QLF3,157
Q0QLF4,296
Q0QLF5,301
Q0QLF7,499
Q0R4L2,600
Q0RC35,294
Q0RFX9,267
Q0RLT7,274
Q0RQR9,150
Q0RVH6,551
Q0RVJ9,214
Q0S0Z3,346
Q0S3E7,353
Q0S4V3,405
Q0S7R0,320
Q0S9W9,343
Q0SFL5,530
Q0SMG9,354
Q0SMH1,355
Q0SMT3,533
Q0SNR4,201
Q0SP28,456
Q0SQ68,342
Q0SQB6,354
Q0SRD5,325
Q0ST91,498
Q0STS8,537
Q0STT3,282
Q0STU9,324
Q0SV48,501
Q0SXL5,368
Q0SXY7,229
Q0SYW9,494
Q0T1Y1,453
Q0T2G5,378
Q0T8F6,405
Q0TJS3,346
Q0TML0,337
Q0TPD5,400
Q0TPG4,198
Q0TPG6,323
Q0TPX5,501
Q0TRF4,217
Q0TRK5,361
Q0U9W5,336
Q0UCJ2,350
Q0UHC0,183
Q0VA52,593
Q0VC00,411
Q0VKW4,204
Q0VLR6,245
Q0VP26,445
Q0VP64,325
Q0VP88,353
Q0VPK5,211
Q0VQ44,358
Q0VQC3,371
Q0VQG9,247
Q0VS07,490
Q0VSP6,426
Q0VTA8,204
Q0VTD8,182
Q0VTH3,382
Q0W0P5,300
Q0W1P5,268
Q0W2G0,192
Q0W3B6,280
Q0W3U6,423
Q0W4B8,219
Q0W5T3,426
Q0W6Q1,174
Q0W6S4,201
Q0W8E1,301
Q0WSX8,255
Q0ZIH7,453
Q0ZQ46,373
Q0ZS46,205
Q10055,394
Q10057,492
Q10075,414
Q10092,222
Q10104,488
Q10132,229
Q10153,237
Q10224,228
Q10252,358
Q10270,266
Q10276,456
Q10334,490
Q10349,389
Q10356,191
Q10438,403
Q10444,570
Q10457,423
Q10468,533
Q10488,372
Q10588,318
Q10916,564
Q10949,377
Q10991,217
Q10B67,439
Q10BX9,391
Q10CT5,307
Q10M74,285
Q10P01,485
Q10Q80,194
Q10QH1,315
Q10QR9,302
Q10S58,354
Q10S72,552
Q10SU5,598
Q11068,449
Q11087,391
Q11112,328
Q11132,248
Q11136,493
Q11179,470
Q11185,262
Q11BH8,509
Q11C47,209
Q11CZ6,202
Q11D92,246
Q11NN7,201
Q11PL9,292
Q11PN9,103
Q11PP7,449
Q11QI8,264
Q11QU6,206
Q11RK8,238
Q11U43,351
Q11VM5,348
Q11XI0,192
Q11XT5,312
Q11Y69,220
Q12008,311
Q12036,173
Q12051,335
Q12063,375
Q12068,342
Q12069,462
Q12084,232
Q12178,158
Q12196,484
Q12198,575
Q12214,470
Q12272,230
Q12283,360
Q12362,591
Q12378,196
Q12383,476
Q12385,394
Q123X2,211
Q12455,300
Q12463,433
Q12471,397
Q12511,572
Q12524,340
Q12525,324
Q12541,520
Q12603,352
Q12618,476
Q12676,427
Q12725,421
Q12732,495
Q12737,572
Q12BV1,326
Q12E50,164
Q12R91,265
Q12T28,337
Q12TN5,502
Q12UG6,226
Q12UQ4,479
Q12V70,331
Q12VH4,247
Q12X75,366
Q12XX4,404
Q12XX5,272
Q12YR6,198
Q13087,525
Q131B2,338
Q13228,472
Q132E8,270
Q13478,541
Q137C3,398
Q13907,227
Q13I12,228
Q13PC1,388
Q13Q00,299
Q13TZ2,372
Q13UP0,212
Q13XC8,262
Q14032,418
Q14554,519
Q145P6,274
Q14642,412
Q14749,295
Q14790,479
Q14AK4,347
Q14FN7,386
Q14H97,350
Q14IE8,191
Q14NV1,286
Q15046,597
Q15166,354
Q15392,516
Q15835,563
Q15GI3,323
Q15GI4,314
Q15JF8,213
Q15JG5,351
Q15JG7,365
Q15N19,503
Q15NL4,375
Q15NN9,345
Q15NR8,263
Q15RS7,401
Q15SN0,227
Q15SS1,341
Q15TS5,350
Q15TT6,558
Q15UF1,318
Q15UY6,305
Q15XV2,577
Q15ZS2,592
Q15ZS7,343
Q15ZU0,192
Q162S3,255
Q164A4,473
Q16690,384
Q16696,494
Q166A0,265
Q166H0,447
Q16769,312
Q167K9,375
Q16880,541
Q16B16,591
Q16BC5,263
Q16DS0,513
Q16Y34,272
Q17025,258
Q17413,248
Q17427,165
Q17428,309
Q17449,572
Q17848,409
Q17938,428
Q17967,485
Q17QK9,242
Q17QQ2,245
Q17QS4,396
Q17V96,191
Q17YU7,162
Q17ZN0,310
Q18014,389
Q18081,526
Q180S8,408
Q180T6,348
Q182W4,204
Q183R7,220
Q18411,543
Q18425,473
Q18493,484
Q185C5,422
Q18788,590
Q187M6,293
Q18953,481
Q189T1,271
Q18C47,421
Q18DI6,195
Q18DL2,245
Q18E28,300
Q18E61,256
Q18ES5,446
Q18FC4,234
Q18FD1,182
Q18FK8,316
Q18GK1,311
Q18HD7,193
Q18KB3,254
Q18KE1,304
Q18KP6,239
Q19076,449
Q19202,355
Q19264,303
Q19267,356
Q19420,285
Q19427,374
Q19749,507
Q19905,481
Q19Q52,210
Q1A3B0,383
Q1AS21,574
Q1AS30,253
Q1AS32,340
Q1ASA8,297
Q1AST1,577
Q1AU93,206
Q1AU97,320
Q1AUE0,107
Q1AV95,347
Q1AVG0,442
Q1AVQ0,320
Q1AVX1,440
Q1AVX4,447
Q1AVZ9,306
Q1AW87,315
Q1AWA3,284
Q1AWB5,363
Q1AWC4,424
Q1AWQ0,436
Q1AWY5,384
Q1AX09,194
Q1AXF2,205
Q1AXG5,499
Q1AXL4,172
Q1AYH1,415
Q1B017,376
Q1B6B3,430
Q1C7J2,567
Q1C9L0,278
Q1CR72,290
Q1CRD7,316
Q1CRJ9,271
Q1CRQ1,267
Q1CRQ2,336
Q1CT05,360
Q1CUW7,234
Q1CUX6,501
Q1D225,352
Q1D387,258
Q1D4M2,238
Q1DAV2,190
Q1DC90,476
Q1DDP4,330
Q1DDU6,464
Q1E180,322
Q1E3R8,427
Q1EC69,299
Q1EIR0,262
Q1EMV2,139
Q1ENB6,484
Q1EPR5,355
Q1GCR8,231
Q1GEZ2,105
Q1GF01,195
Q1GL02,190
Q1GMM6,395
Q1GNW5,306
Q1GP62,233
Q1GP76,198
Q1GQI3,109
Q1GRJ2,377
Q1GRZ2,452
Q1GXE6,289
Q1GZA1,147
Q1H4R0,106
Q1HAQ0,534
Q1HRV8,358
Q1I4M5,185
Q1I7B3,383
Q1IEK7,264
Q1IHK7,226
Q1IHW2,201
Q1II29,280
Q1IIJ5,251
Q1IIS2,312
Q1IJZ0,486
Q1IK22,233
Q1IKB4,195
Q1IKJ2,110
Q1IMM4,264
Q1INT8,380
Q1IPU7,512
Q1IQH8,192
Q1IQS9,363
Q1IQY5,469
Q1ISS4,538
Q1IV19,463
Q1IVB1,480
Q1IVS1,146
Q1IW06,242
Q1IW81,199
Q1IWN0,394
Q1IWX3,481
Q1IY56,213
Q1IYK9,355
Q1IZM1,331
Q1IZN3,440
Q1J141,202
Q1J198,346
Q1J1B1,564
Q1J200,227
Q1J3J2,394
Q1J3J3,305
Q1J5I9,311
Q1J9U7,171
Q1JD20,215
Q1JQ93,260
Q1JQE6,408
Q1JUQ0,309
Q1JUZ2,453
Q1K615,533
Q1K8B6,238
Q1K8G0,457
Q1KLK0,405
Q1LJ08,279
Q1LS75,406
Q1LT75,547
Q1LTI6,146
Q1LTN6,229
Q1LTP8,241
Q1LUI2,200
Q1LW01,263
Q1LZ86,337
Q1M4T3,309
Q1M7F4,233
Q1M813,263
Q1M901,600
Q1MGA3,150
Q1MLG8,347
Q1MLL4,257
Q1MM16,348
Q1MPC4,482
Q1MPK2,341
Q1MQ52,457
Q1MQB3,208
Q1MR97,203
Q1MRJ6,217
Q1MRS7,258
Q1MRW7,352
Q1MRW8,428
Q1NEI6,249
Q1PEC0,524
Q1PEY5,378
Q1PSI9,366
Q1Q7W4,214
Q1Q830,458
Q1Q963,273
Q1QA21,259
Q1QA35,214
Q1QBB6,263
Q1QE02,168
Q1QE21,386
Q1QEC2,339
Q1QFN5,320
Q1QMU3,233
Q1QN98,343
Q1QQ46,366
Q1QSG3,183
Q1QT13,371
Q1QUF2,333
Q1QUU9,357
Q1QWN5,333
Q1QYD9,237
Q1QYS2,250
Q1QZ33,435
Q1RH28,262
Q1RIB3,338
Q1RMS2,586
Q1RMU3,534
Q1WSU7,208
Q1XDM0,346
Q1XDT6,384
Q1XH05,569
Q1ZXD9,458
Q1ZXH9,466
Q20085,468
Q20086,533
Q20347,363
Q20624,600
Q20848,299
Q20939,226
Q20HU6,575
Q20XK3,366
Q21012,248
Q21179,410
Q21217,483
Q21307,347
Q213P4,365
Q21775,184
Q21815,552
Q21929,251
Q21944,502
Q21C03,255
Q21G19,218
Q21H63,313
Q21HF7,269
Q21J46,272
Q21JE9,280
Q21L65,154
Q21L89,322
Q21LK8,373
Q21LZ9,321
Q21M11,547
Q21MA1,260
Q21MI9,217
Q21U27,197
Q21WQ0,198
Q21YT7,418
Q21YU0,237
Q22017,519
Q220S2,210
Q22146,390
Q22181,524
Q22230,309
Q22236,425
Q22295,523
Q22618,495
Q22942,429
Q22943,388
Q22993,437
Q23221,185
Q23261,263
Q23295,458
Q23552,475
Q23571,448
Q23588,295
Q23695,515
Q24157,325
Q24238,596
Q24857,384
Q24PK8,199
Q24T61,392
Q24TE3,335
Q24V00,406
Q24VA3,195
Q24VN7,254
Q24W96,253
Q24XR7,369
Q24ZG1,449
Q24ZT5,220
Q251V1,453
Q252U8,280
Q252Z2,206
Q253C1,212
Q25489,462
Q255I4,328
Q255U1,476
Q25861,541
Q25BW4,540
Q26228,600
Q26534,319
Q26548,273
Q27312,282
Q27464,522
Q27539,117
Q27564,227
Q27650,211
Q27651,436
Q27673,597
Q27705,437
Q27712,492
Q27743,316
Q27757,545
Q27828,462
Q27Z07,390
Q28948,552
Q28999,171
Q28C91,299
Q28CZ7,406
Q28FT4,405
Q28I29,294
Q28LT2,178
Q28MG0,454
Q28MH0,262
Q28R88,362
Q28RA7,386
Q28RF2,375
Q28V72,319
Q28VR9,239
Q28VZ4,211
Q29095,189
Q29524,478
Q29548,531
Q29552,503
Q29561,196
Q29FV5,226
Q29IM7,511
Q29JH0,355
Q29RP8,393
Q29VN2,581
Q29VN3,539
Q2A121,502
Q2A5D5,389
Q2BN77,456
Q2CEE3,447
Q2EEW7,246
Q2EEX9,280
Q2FL30,188
Q2FLH1,484
Q2FM20,311
Q2FMT0,166
Q2FN43,370
Q2FN44,280
Q2FQJ1,217
Q2FR16,493
Q2FRU6,449
Q2FS67,234
Q2FS92,194
Q2FSK9,252
Q2FSV9,286
Q2FTH1,196
Q2FTH4,547
Q2FTN3,402
Q2FU45,232
Q2FUB2,289
Q2FVJ6,452
Q2FW72,585
Q2FWE1,278
Q2FX88,380
Q2FXA5,466
Q2FZP6,493
Q2G0D4,265
Q2G0I9,278
Q2G1C2,513
Q2G1M5,254
Q2G1M6,400
Q2G1M9,578
Q2G1N1,584
Q2G1N2,336
Q2G1Q2,328
Q2G297,194
Q2G2P8,276
Q2G2R8,388
Q2G2X4,367
Q2G5F3,304
Q2G7F1,285
Q2G9Z6,421
Q2GAF9,206
Q2GB53,222
Q2GCL0,217
Q2GD32,191
Q2GD44,206
Q2GDD8,311
Q2GDL6,199
Q2GE82,270
Q2GEM3,232
Q2GF15,128
Q2GFZ6,242
Q2GGH6,263
Q2GGH7,240
Q2GGK1,245
Q2GH90,447
Q2GHQ1,443
Q2GJC2,280
Q2GKK2,247
Q2GKR7,312
Q2GKV7,496
Q2H6M8,499
Q2H9P7,509
Q2HJ44,484
Q2HWU2,510
Q2IFT9,284
Q2IG34,329
Q2IG43,201
Q2IH80,242
Q2IHZ6,421
Q2IJD4,422
Q2IKJ8,187
Q2ILG8,350
Q2IMB4,270
Q2INJ4,171
Q2INL1,341
Q2IPY2,346
Q2IT50,388
Q2ITC6,342
Q2IUE0,210
Q2IY19,148
Q2J1V2,187
Q2J528,259
Q2J545,524
Q2J5A7,360
Q2J5Y1,536
Q2J6X4,292
Q2J7K4,125
Q2JB14,253
Q2JB35,221
Q2JDP1,371
Q2JHS3,133
Q2JI59,166
Q2JK57,377
Q2JKU0,513
Q2JLQ2,403
Q2JN09,218
Q2JPT8,229
Q2JPW6,263
Q2JRC3,598
Q2JRH2,306
Q2JRH9,540
Q2JWZ1,207
Q2JX86,532
Q2JXB4,197
Q2K330,233
Q2K4C4,344
Q2K4Q9,595
Q2K8C8,353
Q2KAW9,524
Q2KCH9,268
Q2KCS8,362
Q2KHS5,335
Q2KHU0,225
Q2KHV5,144
Q2KHX6,314
Q2KI07,186
Q2KIE6,508
Q2KIN5,361
Q2KIU2,192
Q2KJ83,462
Q2KNL6,360
Q2KVB0,203
Q2KXN6,465
Q2KYB7,275
Q2L4H3,428
Q2L6E3,307
Q2LQN9,414
Q2LQP0,384
Q2LQU3,423
Q2LR98,428
Q2LSL4,172
Q2LST8,361
Q2LTB7,443
Q2LU86,216
Q2LUH4,445
Q2LUP6,235
Q2LUR0,311
Q2LUS9,234
Q2LVF5,197
Q2LVL8,383
Q2LVR6,342
Q2LXE3,575
Q2LXR3,224
Q2MEY3,215
Q2MFU6,352
Q2N2K2,292
Q2N6B2,212
Q2N7X0,121
Q2N9N2,209
Q2NA97,330
Q2NAK3,281
Q2NB79,517
Q2NC39,200
Q2NEH4,395
Q2NER8,542
Q2NES7,409
Q2NF45,233
Q2NF51,226
Q2NFI3,178
Q2NFJ8,263
Q2NFK9,228
Q2NG79,148
Q2NGH9,490
Q2NGM1,272
Q2NHQ3,453
Q2NHW2,297
Q2NHX5,380
Q2NHZ6,429
Q2NIM1,209
Q2NIN3,576
Q2NIR6,410
Q2NIZ6,338
Q2NM15,533
Q2NU68,153
Q2P9L0,255
Q2PGG3,331
Q2PWU9,548
Q2QM00,487
Q2QM69,348
Q2QPW1,382
Q2QSL4,327
Q2QXY1,583
Q2QYE1,451
Q2R0L0,580
Q2RFT1,246
Q2RFU1,160
Q2RI41,395
Q2RI72,295
Q2RIU8,346
Q2RIV6,335
Q2RIX1,296
Q2RJ58,195
Q2RJK1,432
Q2RJW1,428
Q2RKH8,424
Q2RM06,390
Q2RMW1,188
Q2RMZ4,429
Q2RNK3,212
Q2RNU4,404
Q2RPW9,241
Q2RQK4,195
Q2RRV2,333
Q2RS50,485
Q2RSR3,418
Q2RSU5,156
Q2RSY6,235
Q2RVS1,140
Q2RVU2,477
Q2RWE0,325
Q2RWI9,370
Q2RX74,326
Q2RXH9,294
Q2RYU8,199
Q2RZV7,397
Q2S0U3,392
Q2S176,230
Q2S1G4,428
Q2S1L8,488
Q2S1Z2,278
Q2S1Z5,270
Q2S2F5,212
Q2S316,195
Q2S3M6,142
Q2S3T5,516
Q2S3W3,562
Q2S4B9,226
Q2S4R2,316
Q2S4T0,204
Q2S580,542
Q2S6I5,338
Q2S9Y9,360
Q2SJS1,389
Q2SLB1,374
Q2SPT0,322
Q2SS13,438
Q2SSG0,474
Q2SSZ1,483
Q2SYI1,298
Q2T6R2,533
Q2T8Y7,195
Q2T9R6,276
Q2TA32,354
Q2TBU9,463
Q2TZB2,502
Q2TZQ9,406
Q2U0N3,329
Q2U3M5,245
Q2U3W4,474
Q2U469,344
Q2U4X9,587
Q2U5P1,389
Q2UB01,561
Q2UB83,419
Q2UH56,347
Q2UIM2,506
Q2UM19,502
Q2UMM4,198
Q2UP30,353
Q2UPC2,273
Q2UQY2,201
Q2UVH8,346
Q2V0W1,263
Q2V6K0,479
Q2VST0,330
Q2VZJ1,217
Q2W0G6,307
Q2W4S6,150
Q2W548,288
Q2W5F9,321
Q2Y720,353
Q2Y752,177
Q2Y7R3,208
Q2Y9Y7,263
Q2YB48,496
Q2YBJ8,316
Q2YDN8,451
Q2YIQ1,520
Q2YIQ2,502
Q2YIQ3,310
Q2YLE6,521
Q2YN92,202
Q2YPC4,250
Q2YQS9,267
Q2YSF0,253
Q2YSP8,291
Q2YTA2,207
Q2YUN1,475
Q2YVB1,293
Q2YVT7,341
Q2YWE7,287
Q2YWQ8,485
Q2YXY9,257
Q2YXZ0,233
Q2YXZ4,419
Q2YY66,372
Q30NT6,368
Q30NY4,358
Q30PJ5,297
Q30PL1,206
Q30PY0,207
Q30RG4,316
Q30RG5,318
Q30RQ5,319
Q30S58,307
Q30TG0,266
Q30UJ4,389
Q30W28,275
Q30WD2,167
Q30X16,305
Q30X38,318
Q30XT1,206
Q310Q2,292
Q313S6,356
Q317F9,570
Q317T6,286
Q31B21,138
Q31B89,360
Q31BD0,241
Q31CU2,209
Q31DJ1,407
Q31DN1,185
Q31DP4,248
Q31DX4,202
Q31E43,276
Q31E54,397
Q31E86,248
Q31FF6,283
Q31G55,376
Q31GV5,361
Q31H64,298
Q31HD6,528
Q31HZ6,113
Q31I36,356
Q31I59,355
Q31I61,449
Q31IB5,491
Q31IH6,375
Q31IR4,216
Q31IS6,366
Q31J61,346
Q31JQ7,186
Q31KC7,426
Q31KL5,452
Q31KU9,244
Q31RB6,299
Q31RJ9,452
Q31RL4,209
Q31XV1,172
Q320W2,240
Q325N3,255
Q329I3,262
Q329K8,207
Q329N6,310
Q32DD5,283
Q32E04,234
Q32EQ3,278
Q32F19,479
Q32HJ0,564
Q32JF8,143
Q32KH0,535
Q32L00,286
Q32LE4,188
Q32LE5,308
Q32M08,324
Q32NI8,295
Q32PJ8,482
Q32PY9,185
Q32RM2,325
Q33DV3,457
Q33DX5,281
Q33DY0,506
Q35128,385
Q36675,263
Q36863,194
Q37679,255
Q381M1,333
Q38716,235
Q38717,233
Q38860,506
Q38911,289
Q38945,373
Q38A34,393
Q38BX0,461
Q38J50,356
Q38V36,231
Q38WI8,265
Q38X88,290
Q38X91,240
Q38XA8,280
Q38XG4,326
Q38XU9,283
Q38YJ1,328
Q38ZJ0,594
Q39056,270
Q39085,561
Q39103,358
Q39152,491
Q39218,391
Q39366,282
Q39473,382
Q39491,276
Q39799,324
Q39982,320
Q39BA7,282
Q39JR9,245
Q39PR1,220
Q39Q78,269
Q39S45,347
Q39YM0,375
Q39Z26,271
Q39ZL5,232
Q3A247,221
Q3A3H7,210
Q3A3Z3,401
Q3A3Z7,265
Q3A550,392
Q3AAE6,371
Q3AAE9,420
Q3AAV5,304
Q3ABS1,264
Q3ABX6,243
Q3AC06,240
Q3AD51,192
Q3AD96,238
Q3ADI5,215
Q3ADL6,213
Q3ADR7,197
Q3AE32,267
Q3AE81,570
Q3AET1,269
Q3AFA8,265
Q3AFH3,464
Q3AIB3,293
Q3AKB1,247
Q3ANN7,472
Q3ANX4,330
Q3AQL3,190
Q3AR95,266
Q3ARM4,190
Q3AT37,177
Q3AV47,425
Q3AVP9,345
Q3AVZ5,149
Q3AWF3,245
Q3AZI5,462
Q3B129,365
Q3B1L6,222
Q3B1Z1,430
Q3B241,320
Q3B2Z5,313
Q3B3J7,219
Q3B5Y0,281
Q3B6K8,329
Q3BTE6,335
Q3BUC6,238
Q3BUF4,200
Q3BUL3,504
Q3BUS6,369
Q3BVU6,334
Q3C1D4,154
Q3C1E0,336
Q3C1E3,413
Q3E989,512
Q3ECS3,511
Q3HVN1,300
Q3IBX5,309
Q3IDD5,497
Q3IDM6,441
Q3IF36,373
Q3IG02,446
Q3IG80,232
Q3IGV3,351
Q3IGX6,326
Q3IHW4,180
Q3IIQ6,418
Q3IIR9,257
Q3IJS5,199
Q3IK32,353
Q3IKQ7,267
Q3IKY9,592
Q3ILJ2,341
Q3IMF3,435
Q3INU3,370
Q3IP35,278
Q3IP82,500
Q3IQI3,284
Q3IQZ0,586
Q3IRT0,168
Q3IRZ6,132
Q3IS55,266
Q3IUB0,358
Q3IWB0,523
Q3IZ91,430
Q3IZB6,279
Q3IZX0,193
Q3J6L0,232
Q3J7Z6,238
Q3J8Y6,250
Q3JCI4,276
Q3JCI7,216
Q3JDJ6,277
Q3JEM4,266
Q3JEW3,487
Q3JF14,197
Q3JUN4,341
Q3JXT0,101
Q3K204,466
Q3K5E7,558
Q3K705,332
Q3K9J0,277
Q3KFE4,272
Q3KJG6,484
Q3KM32,274
Q3KNK3,276
Q3KTM2,599
Q3L181,337
Q3LIE5,205
Q3M4H6,261
Q3M5Z3,567
Q3M7J6,140
Q3MAV1,545
Q3MD38,199
Q3MD91,229
Q3MEA9,370
Q3MG63,148
Q3MH15,280
Q3MHQ7,240
Q3S2U2,413
Q3S8M4,314
Q3S8P6,344
Q3S8Q4,557
Q3S8R0,418
Q3SF56,208
Q3SG43,188
Q3SGR5,227
Q3SH75,439
Q3SL03,359
Q3SL47,258
Q3SLJ3,187
Q3SPZ6,212
Q3SRK3,158
Q3SSH7,255
Q3SV33,576
Q3SVC8,226
Q3SX04,354
Q3SYP2,268
Q3SZJ2,540
Q3SZL3,485
Q3SZM9,344
Q3T014,259
Q3T094,254
Q3T0A3,259
Q3T0C2,266
Q3T0D3,207
Q3T0W0,224
Q3T189,280
Q3U0B3,260
Q3U5Q7,447
Q3UFF7,239
Q3UFY7,300
Q3UMM4,360
Q3UMW8,341
Q3UX61,218
Q3V1F8,367
Q3V7H1,357
Q3V7R4,241
Q3V814,237
Q3V8B3,235
Q3Y6B8,472
Q3YAT3,552
Q3YAT5,504
Q3YRF6,324
Q3YSE4,282
Q3YXT4,306
Q3Z396,423
Q3Z643,233
Q3Z6G4,219
Q3Z6K1,185
Q3Z6U4,284
Q3Z717,556
Q3Z7P1,120
Q3Z879,358
Q3Z8C0,265
Q3Z8D8,357
Q3Z8K3,597
Q3Z9A4,307
Q3ZA11,159
Q3ZAJ1,204
Q3ZBE9,356
Q3ZBF9,296
Q3ZC91,450
Q3ZFI4,389
Q3ZPN4,449
Q3ZXD8,208
Q3ZXF9,268
Q3ZXH1,571
Q3ZXL7,436
Q3ZYP4,487
Q3ZZE6,291
Q40024,505
Q40061,338
Q40062,339
Q40255,551
Q40287,487
Q40546,562
Q40588,578
Q40875,222
Q41233,473
Q41247,494
Q41249,398
Q41510,387
Q41819,471
Q42525,496
Q42592,372
Q42598,514
Q42606,369
Q42707,562
Q42798,509
Q42800,332
Q42840,391
Q42870,281
Q42885,431
Q42920,447
Q43043,374
Q43135,558
Q43250,535
Q43255,536
Q43257,538
Q43307,459
Q43317,325
Q43497,433
Q43641,433
Q43794,569
Q43899,146
Q43914,231
Q43922,486
Q43984,305
Q43998,584
Q44004,341
Q44015,260
Q44056,304
Q44244,368
Q44249,500
Q44407,339
Q44472,438
Q44473,482
Q44493,553
Q44524,412
Q44538,358
Q44576,532
Q44604,269
Q44775,364
Q44777,464
Q44879,434
Q45374,428
Q45408,145
Q45489,360
Q45499,265
Q45589,273
Q45633,314
Q45695,451
Q45918,209
Q46079,506
Q46083,132
Q46127,341
Q46185,272
Q46222,437
Q46259,458
Q46339,286
Q46389,262
Q46465,405
Q46481,258
Q46505,171
Q46506,126
Q46526,197
Q465Q9,433
Q465W3,280
Q46666,311
Q466T6,388
Q466V2,438
Q466Y5,444
Q46769,301
Q46800,292
Q46810,192
Q46856,387
Q46890,212
Q46891,258
Q46925,401
Q469A3,526
Q46AU8,178
Q46B07,337
Q46BA3,568
Q46BD9,289
Q46C16,309
Q46D52,517
Q46D93,322
Q46DU3,395
Q46E62,255
Q46EH3,461
Q46FL2,370
Q46FL3,528
Q46G70,231
Q46HJ9,155
Q46HN8,338
Q46I69,371
Q46I99,372
Q46QB2,343
Q46QQ8,452
Q46ZL2,471
Q47266,395
Q47282,490
Q47317,315
Q47318,580
Q47319,232
Q473F6,362
Q47526,312
Q47594,381
Q47690,310
Q477E8,275
Q477G6,253
Q47851,236
Q47899,443
Q47910,548
Q47914,324
Q47944,531
Q47945,478
Q47AB5,408
Q47AZ9,176
Q47BD0,593
Q47GX8,170
Q47HJ4,309
Q47IX1,112
Q47JS4,348
Q47K28,337
Q47KB1,430
Q47KH3,431
Q47LS4,399
Q47PU3,542
Q47R98,280
Q47TB0,576
Q47U25,304
Q47VN0,357
Q47WQ1,469
Q47WW8,210
Q47XK1,393
Q47ZU7,219
Q480P3,253
Q48295,307
Q483B5,343
Q48436,256
Q48440,520
Q48447,298
Q48796,541
Q487A4,589
Q487E7,367
Q48841,473
Q48907,209
Q48924,367
Q48927,339
Q48943,301
Q48A85,226
Q48AV5,275
Q48F71,258
Q48J29,362
Q48PB0,429
Q48QC3,189
Q49006,531
Q49110,438
Q49112,322
Q49118,311
Q49124,410
Q49135,208
Q492T2,262
Q492W6,337
Q49398,404
Q493A2,250
Q493C8,397
Q493M8,157
Q493S0,282
Q493T5,260
Q493U3,208
Q493X7,195
Q49400,317
Q49433,397
Q494E6,158
Q49622,352
Q49939,423
Q499X9,586
Q49HM9,549
Q49SP3,552
Q49VB7,210
Q49W41,239
Q49WH7,552
Q49WX9,175
Q49X94,557
Q49XE7,202
Q49XH9,241
Q49ZB8,104
Q4A0E7,514
Q4A122,287
Q4A5E8,187
Q4A5G4,112
Q4A6B1,278
Q4A6N6,316
Q4A9N3,201
Q4AAB0,338
Q4AAG6,332
Q4CQJ5,329
Q4CY36,372
Q4DPN8,508
Q4E123,362
Q4E657,485
Q4F883,537
Q4FLJ5,227
Q4FM56,466
Q4FM64,388
Q4FMW6,257
Q4FMZ1,338
Q4FN05,208
Q4FND1,309
Q4FND9,465
Q4FNF5,384
Q4FNG5,368
Q4FNK3,462
Q4FNN5,446
Q4FP21,369
Q4FP49,239
Q4FPK8,304
Q4FPN1,313
Q4FPT7,230
Q4FQ27,243
Q4FR14,403
Q4FRK7,390
Q4FS02,216
Q4FT57,373
Q4FUQ3,268
Q4FVM5,111
Q4G0S4,542
Q4G1G8,270
Q4G2T3,515
Q4H4E4,213
Q4H4E5,341
Q4H4E7,419
Q4H4E9,302
Q4H4F0,156
Q4H4F5,432
Q4H4F8,389
Q4I1M9,512
Q4I6A4,477
Q4I8Q4,235
Q4ICG8,375
Q4IJP1,493
Q4IMZ7,437
Q4J6H1,523
Q4J6M5,163
Q4J894,292
Q4J8E9,371
Q4J8I8,393
Q4J8L4,483
Q4J8P4,227
Q4J8S2,209
Q4J939,415
Q4J9D4,576
Q4JAF8,265
Q4JAI2,123
Q4JAM9,414
Q4JAT0,171
Q4JB92,367
Q4JCN8,172
Q4JQJ5,172
Q4JSV3,249
Q4JVS0,216
Q4JXC9,345
Q4K423,294
Q4K7H5,387
Q4K884,583
Q4K9L8,369
Q4KCZ0,449
Q4KFD4,357
Q4KG27,211
Q4KM84,362
Q4KM86,149
Q4KMJ1,182
Q4KSH7,419
Q4KSH9,557
Q4KXC9,254
Q4L320,467
Q4L332,391
Q4L524,391
Q4L5W3,260
Q4L6A2,239
Q4L6C3,423
Q4L6C5,453
Q4L6K4,306
Q4L7L1,330
Q4L8D2,340
Q4L8J3,311
Q4L8J6,230
Q4L941,318
Q4L9S3,212
Q4P219,350
Q4P3S3,565
Q4P4C1,497
Q4P4G2,520
Q4P555,582
Q4P5V8,539
Q4P6V4,286
Q4PBE6,448
Q4PD40,162
Q4PEN0,274
Q4PHU4,360
Q4PHU9,552
Q4PJX5,226
Q4PNS1,391
Q4Q9X8,246
Q4QDX3,470
Q4QEB3,492
Q4QEZ7,175
Q4QJY8,358
Q4QP08,304
Q4QQN5,366
Q4R0J7,349
Q4R3J0,366
Q4R3W4,479
Q4R407,491
Q4R4T8,433
Q4R6N0,566
Q4R7L8,462
Q4R854,535
Q4RQD3,211
Q4S5X1,469
Q4U331,343
Q4U3Y2,549
Q4UJW9,144
Q4UK25,195
Q4UKS5,110
Q4ULR3,290
Q4ULU3,315
Q4UMW5,276
Q4UND5,464
Q4UPQ7,377
Q4UST1,218
Q4UU32,322
Q4UWX9,468
Q4UXQ4,348
Q4V3B3,582
Q4VDN5,192
Q4VKU9,497
Q4VKV0,530
Q4VKV1,511
Q4VRV8,551
Q4VYA5,136
Q4W1W1,249
Q4W557,305
Q4W6B5,469
Q4W7T3,352
Q4WAW5,559
Q4WAW8,526
Q4WB07,440
Q4WHG5,335
Q4WJ59,571
Q4WJ80,356
Q4WL81,234
Q4WNV9,404
Q4WQN1,197
Q4WS57,398
Q4WV38,484
Q4WVH4,502
Q4WVZ3,532
Q4WXZ5,408
Q4WYG3,472
Q4WZ64,494
Q4WZ67,436
Q4WZ70,376
Q4X0W8,570
Q4X158,287
Q4YU52,439
Q4ZQ68,243
Q4ZW81,352
Q4ZXI1,328
Q4ZXL0,378
Q500Y9,317
Q50248,386
Q502I6,527
Q502J0,529
Q50319,509
Q50420,400
Q504Y2,493
Q50559,303
Q50570,394
Q50940,252
Q50973,350
Q50976,326
Q50EK6,481
Q51363,538
Q51429,275
Q51507,101
Q51517,400
Q51522,196
Q51548,443
Q51601,465
Q51602,165
Q51701,287
Q51718,278
Q51725,349
Q51758,218
Q51782,407
Q51790,207
Q51793,222
Q51800,105
Q51945,365
Q51948,203
Q51973,402
Q51974,434
Q52086,301
Q52126,328
Q52424,178
Q52463,494
Q52472,329
Q52522,152
Q52523,170
Q52718,523
Q52811,396
Q52915,363
Q52977,382
Q53034,318
Q53139,248
Q53353,485
Q53389,409
Q53554,377
Q53560,364
Q53563,340
Q53586,381
Q53612,338
Q53728,556
Q539E5,367
Q53FA7,332
Q53H76,456
Q53IZ1,531
Q53Q11,397
Q53TZ2,309
Q53U08,416
Q53U11,366
Q53U15,541
Q53UH5,459
Q53W83,309
Q53WG6,250
Q54206,333
Q54258,348
Q54271,401
Q54277,166
Q54304,343
Q54305,334
Q54433,179
Q54528,298
Q54757,327
Q54765,341
Q54795,368
Q54801,168
Q54818,286
Q54944,287
Q54975,395
Q54B14,360
Q54BD5,525
Q54BK1,303
Q54C45,193
Q54C64,258
Q54C70,377
Q54CG9,160
Q54CJ4,271
Q54CN7,378
Q54DD3,403
Q54DG1,470
Q54DN6,501
Q54DP1,334
Q54DT8,532
Q54EN4,513
Q54EW8,488
Q54FH7,426
Q54FK1,190
Q54G28,352
Q54GJ7,547
Q54GN2,222
Q54GN5,487
Q54GP3,267
Q54GT6,407
Q54H71,392
Q54H80,200
Q54HI0,512
Q54HL4,347
Q54I60,206
Q54I80,300
Q54I82,147
Q54IA7,332
Q54IF7,183
Q54IJ0,492
Q54IL7,551
Q54IT3,456
Q54J34,466
Q54JI7,539
Q54K55,560
Q54K96,514
Q54KB7,502
Q54KM6,435
Q54L85,328
Q54M40,345
Q54M70,484
Q54MB5,340
Q54MR1,268
Q54MZ8,575
Q54NG9,480
Q54NZ7,311
Q54P77,551
Q54P86,361
Q54PA0,452
Q54PI5,200
Q54PM7,319
Q54PP1,462
Q54QZ5,594
Q54R62,449
Q54RF5,507
Q54RV9,528
Q54S02,182
Q54S83,484
Q54SA1,422
Q54ST2,463
Q54T49,226
Q54TN3,321
Q54TW4,347
Q54U71,463
Q54U72,272
Q54UF3,461
Q54UQ4,318
Q54VH7,375
Q54VJ9,456
Q54VL5,369
Q54VU7,404
Q54WD9,482
Q54WR8,157
Q54XC1,592
Q54XD0,321
Q54XD8,460
Q54XP1,356
Q54XZ0,294
Q54Y51,197
Q54YE2,339
Q54YQ9,391
Q54YT4,350
Q54ZY3,583
Q55034,422
Q55080,368
Q55117,320
Q55141,172
Q55143,175
Q55158,368
Q55216,356
Q552W5,211
Q55338,299
Q553U5,543
Q553V2,166
Q55406,318
Q55424,506
Q55467,230
Q55484,469
Q55500,292
Q55511,471
Q55535,157
Q55621,495
Q55684,326
Q556I2,218
Q556R7,303
Q556V9,529
Q556W1,346
Q55725,595
Q55746,276
Q55777,138
Q55794,396
Q55863,483
Q558K8,237
Q55988,384
Q559M9,569
Q55AW9,581
Q55B10,385
Q55C57,473
Q55C80,367
Q55C82,199
Q55C91,510
Q55CB8,213
Q55CT0,600
Q55CY3,426
Q55D54,270
Q55D90,479
Q55DB4,400
Q55DP8,408
Q55DQ4,311
Q55DT8,453
Q55E23,345
Q55EK9,302
Q55EL3,499
Q55EU7,393
Q55F34,332
Q55FI3,460
Q55FK4,222
Q55FL5,479
Q55FM6,267
Q55FS0,425
Q55GS6,381
Q55U20,458
Q56062,295
Q56063,389
Q56114,396
Q56198,328
Q56208,319
Q56301,475
Q56308,317
Q565D8,221
Q56623,328
Q56632,262
Q56686,330
Q56691,240
Q56694,510
Q566N0,459
Q566U4,293
Q56770,484
Q56774,380
Q56837,376
Q56839,523
Q56840,250
Q56855,353
Q568I2,266
Q56UD1,542
Q56VS4,443
Q56X52,351
Q56XM9,507
Q56Y42,365
Q56YA5,401
Q56YN3,524
Q57140,228
Q57290,485
Q57564,509
Q57572,447
Q57573,252
Q57576,488
Q57605,206
Q57648,191
Q57662,266
Q57664,305
Q57688,417
Q57692,175
Q57700,213
Q57703,251
Q57709,179
Q57724,366
Q57727,283
Q57747,389
Q57752,159
Q57757,284
Q57761,293
Q57764,165
Q57815,369
Q57842,449
Q57849,302
Q57900,216
Q57907,340
Q57916,283
Q57959,530
Q57991,473
Q57HW1,501
Q57LH5,427
Q57M55,299
Q57M68,419
Q57TD5,495
Q57U83,313
Q58015,289
Q58034,195
Q58037,291
Q58054,272
Q58094,274
Q58097,370
Q58113,594
Q58116,405
Q58130,333
Q58131,398
Q58181,230
Q58247,249
Q58250,330
Q58260,103
Q58277,427
Q58293,336
Q58312,234
Q58323,403
Q58339,462
Q58340,210
Q58379,270
Q58392,303
Q58407,288
Q58408,309
Q58424,524
Q58475,474
Q58497,438
Q58501,408
Q58502,156
Q58549,169
Q58584,156
Q58606,194
Q58609,201
Q58626,501
Q58632,425
Q58644,180
Q58646,361
Q58669,350
Q58673,168
Q58711,361
Q58724,298
Q58730,283
Q58742,232
Q58761,284
Q58762,297
Q58785,109
Q58786,418
Q58806,463
Q58825,127
Q58842,381
Q58843,530
Q58849,220
Q58885,423
Q58893,292
Q58896,223
Q58905,193
Q58917,211
Q58931,301
Q58960,513
Q58963,173
Q58987,242
Q58989,211
Q58991,347
Q58997,336
Q589Y0,453
Q58CX6,225
Q58EB4,382
Q58GE8,416
Q58PK7,503
Q58VP7,403
Q58Y43,393
Q58YV9,302
Q59014,237
Q59034,205
Q59039,243
Q59072,377
Q59083,348
Q59093,266
Q59098,553
Q59110,366
Q59111,320
Q59126,341
Q59127,283
Q59128,165
Q59168,296
Q59188,250
Q59189,599
Q59224,380
Q59263,338
Q59266,487
Q59293,291
Q59294,504
Q59327,530
Q59332,307
Q59335,246
Q59397,177
Q59408,165
Q59418,388
Q59478,307
Q59495,490
Q594P3,389
Q59509,251
Q59516,314
Q59543,187
Q595W7,590
Q59640,271
Q59647,466
Q59683,199
Q59695,370
Q59699,495
Q59701,356
Q59702,491
Q59723,406
Q59738,161
Q59745,327
Q59939,372
Q59967,319
Q59I44,333
Q59KN8,361
Q59MB6,580
Q59MV9,398
Q59PZ7,246
Q59Q39,323
Q59RA2,230
Q59RQ2,310
Q59RW5,493
Q59SU1,544
Q59VF4,413
Q59ZV4,267
Q5A0Y2,248
Q5A1B0,350
Q5A1V3,156
Q5A3Z5,265
Q5A847,478
Q5A861,353
Q5AAG6,509
Q5AEM6,405
Q5AF03,236
Q5AIA1,479
Q5AJX2,370
Q5AKB1,413
Q5ALW7,360
Q5AMQ4,544
Q5AQQ0,237
Q5ARN5,449
Q5ASG9,434
Q5AT14,313
Q5AUX2,325
Q5AWB7,355
Q5AZC8,400
Q5B0D6,369
Q5B833,387
Q5B8T6,383
Q5B8X0,415
Q5B998,368
Q5BA93,410
Q5BCG1,352
Q5BD77,309
Q5BE65,369
Q5BEI9,434
Q5BF93,505
Q5BP74,415
Q5C9I9,265
Q5CPU3,152
Q5D0X4,315
Q5D189,279
Q5D8V5,433
Q5DD96,267
Q5DUX5,412
Q5DZD2,397
Q5E0X7,455
Q5E1G4,423
Q5E3S7,204
Q5E6F9,547
Q5E965,222
Q5E9C1,377
Q5E9S4,497
Q5E9T4,243
Q5E9T8,396
Q5EA61,381
Q5EA75,389
Q5EA87,396
Q5EAB2,372
Q5EAC2,474
Q5EAF2,334
Q5EU90,539
Q5EXK1,397
Q5F349,353
Q5F5I5,189
Q5F8G9,296
Q5F8V5,451
Q5FA46,354
Q5FF75,528
Q5FFD0,257
Q5FH15,129
Q5FIV9,200
Q5FK48,157
Q5FKL2,353
Q5FKQ9,311
Q5FKS7,161
Q5FNS8,236
Q5FQ97,178
Q5FQN4,211
Q5FRJ7,525
Q5FRR4,401
Q5FS52,479
Q5FTL1,404
Q5FTU6,310
Q5FUA3,415
Q5FUV3,240
Q5FVP8,388
Q5FVR1,343
Q5GS68,401
Q5GS87,250
Q5HBA3,306
Q5HC85,193
Q5HF24,282
Q5HFR9,271
Q5HG20,421
Q5HKF3,228
Q5HKG6,257
Q5HL18,272
Q5HMA8,139
Q5HMF5,422
Q5HN46,251
Q5HN75,282
Q5HNR9,150
Q5HQC3,272
Q5HQK8,197
Q5HQW4,310
Q5HRM9,335
Q5HRP0,272
Q5HS73,127
Q5HSB7,258
Q5HSI4,371
Q5HSX7,439
Q5HSX8,321
Q5HT33,440
Q5HTI5,392
Q5HTL1,416
Q5HTZ5,215
Q5HUK6,510
Q5HUU3,424
Q5HVG7,567
Q5HZ00,422
Q5I0D5,270
Q5I0K7,165
Q5I0M0,315
Q5IH13,425
Q5IW36,184
Q5IW40,443
Q5IZM4,452
Q5J1R2,327
Q5JBG6,234
Q5JCT0,437
Q5JCY1,381
Q5JD29,198
Q5JD38,370
Q5JDA9,432
Q5JDG3,398
Q5JDG9,294
Q5JDJ9,203
Q5JDU3,326
Q5JES6,212
Q5JEW1,445
Q5JFR5,376
Q5JFR6,203
Q5JFV7,163
Q5JGE6,253
Q5JGG6,443
Q5JGM7,166
Q5JH75,267
Q5JH93,256
Q5JHC0,580
Q5JI38,288
Q5JI69,350
Q5JIK2,185
Q5JJ32,178
Q5JJC1,277
Q5JPH6,534
Q5K2N1,257
Q5K5B6,540
Q5K8L4,345
Q5KBP2,543
Q5KSN4,295
Q5KSN5,511
Q5KTC7,362
Q5KVI4,238
Q5KW03,182
Q5KYR1,308
Q5L1U1,310
Q5L4Z3,154
Q5L510,333
Q5L6G2,306
Q5L723,279
Q5L7F1,150
Q5L8X6,362
Q5LA59,259
Q5LAA4,376
Q5LCW4,382
Q5LH04,245
Q5LH12,274
Q5LI89,281
Q5LLR6,320
Q5LLW6,267
Q5LPG8,275
Q5LQ09,215
Q5LR59,247
Q5LRD8,512
Q5LS56,330
Q5LS57,364
Q5LSU1,401
Q5LT18,201
Q5LT65,340
Q5LV46,434
Q5LVV1,435
Q5LX07,201
Q5LXG9,204
Q5LZ83,328
Q5LZR6,302
Q5M192,177
Q5M1I4,324
Q5M5Z2,355
Q5M872,481
Q5M8F9,446
Q5M900,488
Q5M905,305
Q5M969,248
Q5M9F5,267
Q5MBR6,576
Q5MFV6,588
Q5MYT9,511
Q5MZY1,415
Q5N0L0,391
Q5N1I3,292
Q5NDF2,580
Q5NDL3,535
Q5NEQ0,163
Q5NFD4,282
Q5NH50,197
Q5NHL7,286
Q5NNV1,255
Q5NP67,297
Q5NPM2,390
Q5NR24,397
Q5NR44,516
Q5NRJ0,197
Q5NUF3,319
Q5NVB3,574
Q5NVT1,530
Q5NXZ4,404
Q5NZF6,250
Q5P0D6,321
Q5P1I2,245
Q5P5I4,249
Q5P5L9,185
Q5P9R1,466
Q5P9T3,277
Q5PA93,257
Q5PB43,223
Q5PBC7,301
Q5PBF1,472
Q5PBP5,208
Q5PK75,334
Q5PQT3,296
Q5PXE9,489
Q5QCP2,365
Q5QJU3,275
Q5QKR8,334
Q5QUC5,350
Q5QUE2,381
Q5QV55,263
Q5QVP2,438
Q5QVP3,369
Q5QVU3,568
Q5QWQ7,196
Q5QXH5,452
Q5QXU4,220
Q5QY23,370
Q5QYC8,209
Q5QZ19,222
Q5QZ38,341
Q5QZA9,511
Q5QZC0,255
Q5QZP7,218
Q5R041,308
Q5R0Q7,448
Q5R111,450
Q5R488,421
Q5R7A2,464
Q5R7I7,346
Q5R806,351
Q5R833,140
Q5R875,454
Q5R8E3,536
Q5RAF4,415
Q5RAS0,412
Q5RAT4,443
Q5RAX4,515
Q5RBL5,307
Q5RBT2,471
Q5RBU7,496
Q5RBV3,292
Q5RC69,178
Q5RCU3,393
Q5RCU5,277
Q5RDW0,221
Q5RED7,422
Q5REP0,392
Q5REQ0,323
Q5RF16,557
Q5RF40,432
Q5RFA3,514
Q5RFM7,486
Q5RFR7,263
Q5RFU0,523
Q5RGL7,434
Q5S260,304
Q5SBP3,574
Q5SBP6,546
Q5SH28,520
Q5SHH5,395
Q5SHW0,354
Q5SHZ2,183
Q5SHZ8,395
Q5SII2,456
Q5SIM2,226
Q5SIT4,382
Q5SJ28,220
Q5SJ80,168
Q5SJC8,265
Q5SJP7,149
Q5SK01,398
Q5SK28,314
Q5SK49,271
Q5SKG9,206
Q5SKU3,253
Q5SL28,335
Q5SLL6,415
Q5SLN5,367
Q5SLQ3,217
Q5SLR4,367
Q5SM25,324
Q5SM27,406
Q5T013,277
Q5T2R2,415
Q5TM63,323
Q5TZ07,288
Q5U2R1,401
Q5U780,416
Q5U923,375
Q5UX95,231
Q5UXP9,490
Q5UY62,320
Q5UY71,402
Q5UY95,360
Q5UYG6,472
Q5UYR3,432
Q5UYV8,367
Q5UZ50,345
Q5UZ65,202
Q5V061,354
Q5V0B3,369
Q5V1C1,420
Q5V213,536
Q5V230,363
Q5V311,282
Q5V3P6,269
Q5V463,346
Q5V464,358
Q5V4J1,346
Q5V4Q4,382
Q5V545,575
Q5V574,422
Q5V5D4,306
Q5V5K5,399
Q5V6B8,273
Q5VMI0,471
Q5VRM7,506
Q5VU57,503
Q5VVY1,283
Q5VYX0,342
Q5W263,491
Q5W726,382
Q5WB17,249
Q5WD17,573
Q5WDZ7,527
Q5WEQ9,191
Q5WHY3,498
Q5WKL3,346
Q5WKM9,256
Q5WL08,394
Q5WSK6,385
Q5WTG8,483
Q5WV43,369
Q5WVK6,145
Q5WWT0,362
Q5WWU5,366
Q5WWX2,156
Q5WX41,254
Q5WX95,239
Q5WXZ0,350
Q5WY16,449
Q5WZ02,215
Q5WZB4,331
Q5WZT6,310
Q5X0C0,351
Q5X1A5,249
Q5X1M8,262
Q5X2Q3,490
Q5X2T2,277
Q5X3K0,342
Q5X479,243
Q5X4T2,338
Q5X5W9,431
Q5X5X2,199
Q5X6P7,200
Q5X709,357
Q5X7G7,297
Q5X7N9,238
Q5XEP9,528
Q5XET5,511
Q5XF20,490
Q5XF78,387
Q5XG41,318
Q5XI06,458
Q5XI42,468
Q5XIG6,458
Q5XTQ4,574
Q5XW77,227
Q5Y5T3,425
Q5YJC2,420
Q5YP02,329
Q5YQZ4,232
Q5YQZ6,552
Q5YRY6,336
Q5YS38,231
Q5YXQ1,251
Q5YY71,410
Q5YYJ6,383
Q5YZY9,331
Q5Z0M4,197
Q5Z0V0,206
Q5Z1C4,382
Q5ZI16,503
Q5ZI23,310
Q5ZI51,367
Q5ZIT5,200
Q5ZIU3,526
Q5ZJL4,425
Q5ZKP6,357
Q5ZL21,238
Q5ZMF3,257
Q5ZNB1,407
Q5ZPI9,385
Q5ZPV8,381
Q5ZR76,482
Q5ZRP5,221
Q5ZT34,284
Q5ZUG5,341
Q5ZVG6,239
Q5ZVL0,282
Q5ZVU5,211
Q5ZXH8,377
Q5ZXI0,232
Q5ZZK4,348
Q60013,397
Q60034,169
Q60041,346
Q60176,313
Q601D3,322
Q60317,375
Q60326,428
Q60337,319
Q60352,260
Q60364,227
Q60369,207
Q60555,373
Q606C5,198
Q606W5,443
Q607C3,260
Q607E7,161
Q60860,150
Q608T0,288
Q60991,507
Q609F9,271
Q609Q1,348
Q609U9,275
Q60A54,328
Q60A55,369
Q60AP7,204
Q60B49,336
Q60BW4,453
Q60BX0,256
Q60CS4,205
Q60FC6,420
Q60HD1,473
Q60HD7,533
Q60HF8,468
Q60HH4,395
Q60K16,562
Q60Q90,478
Q60V51,316
Q60W34,281
Q61425,314
Q61469,284
Q61759,261
Q619N4,426
Q619W7,552
Q61X59,321
Q61YQ1,518
Q62073,579
Q62611,566
Q62630,239
Q62803,512
Q62L02,397
Q62LN3,349
Q630J1,208
Q63BB0,186
Q63DX2,429
Q63FA5,325
Q63GB4,432
Q63GR8,339
Q63X54,451
Q63Y24,240
Q63ZR6,523
Q64057,539
Q64148,503
Q64194,397
Q64244,303
Q64261,326
Q643C1,341
Q643C8,337
Q643R3,524
Q64410,508
Q64435,531
Q64591,335
Q64602,425
Q64678,543
Q64BR7,332
Q64HC5,377
Q64J17,309
Q64SQ6,461
Q64VX6,491
Q64YD8,410
Q64YZ5,322
Q652Q8,337
Q65CC1,387
Q65CC7,386
Q65CJ7,313
Q65CQ5,298
Q65D08,278
Q65E18,309
Q65E52,253
Q65FD6,285
Q65FE0,332
Q65GC3,401
Q65I34,218
Q65KJ7,427
Q65PC9,216
Q65QH0,105
Q65R09,431
Q65RB5,250
Q65S94,379
Q65W17,257
Q65WW7,281
Q660M8,347
Q660X7,205
Q661H4,586
Q661J3,224
Q661K1,211
Q668Q3,349
Q66EN1,236
Q66GP9,561
Q66GQ3,534
Q66GT5,193
Q66JJ3,342
Q66KH9,416
Q675A5,413
Q675L0,578
Q67BJ4,359
Q67IX6,563
Q67J65,424
Q67JC8,471
Q67JG9,482
Q67JQ1,283
Q67K79,377
Q67K97,482
Q67KH6,439
Q67LB8,315
Q67LE6,251
Q67NI4,491
Q67NP3,215
Q67NP7,233
Q67NQ5,436
Q67NS7,342
Q67NS8,199
Q67P67,362
Q67QM7,455
Q67SD7,132
Q67SL6,277
Q67W29,343
Q67WR5,347
Q67ZM7,307
Q680I5,578
Q681Z2,203
Q682B4,379
Q68AP4,542
Q68CK6,577
Q68EH8,497
Q68EY9,360
Q68FU4,436
Q68KK0,346
Q68VX0,434
Q68VY3,197
Q68VY7,241
Q68W57,248
Q68X64,412
Q68XB2,303
Q68XC8,231
Q68XW3,402
Q68XX8,385
Q694B4,224
Q694C2,384
Q69K55,220
Q69L99,583
Q69NG5,324
Q69SV0,478
Q69T31,562
Q69XJ4,289
Q69XQ6,399
Q6A651,294
Q6A6A0,229
Q6A6S9,276
Q6A725,213
Q6A7W9,318
Q6A8F1,217
Q6A8F7,223
Q6A8L2,205
Q6AA78,414
Q6AAD3,418
Q6AAZ9,344
Q6AB02,444
Q6AB12,346
Q6ABX1,457
Q6ABX8,337
Q6ABX9,452
Q6AE05,292
Q6AEL0,199
Q6AG73,323
Q6AHB4,210
Q6AHC2,592
Q6AHF1,329
Q6AHH7,383
Q6AJ42,201
Q6AJ47,295
Q6AJE8,251
Q6AJL6,299
Q6AJZ3,502
Q6AK08,376
Q6AK68,272
Q6AKP5,414
Q6AL31,261
Q6ALV8,348
Q6ALW0,386
Q6AMF9,339
Q6AMI5,195
Q6AMS5,348
Q6ANH6,283
Q6ANL3,246
Q6ANR5,339
Q6APT2,277
Q6AQ27,443
Q6AQ98,169
Q6AR60,464
Q6ARJ7,450
Q6ARJ9,223
Q6ARS6,362
Q6ATB2,559
Q6AUC6,513
Q6AXJ9,350
Q6AY80,231
Q6AYB5,504
Q6B908,355
Q6BF16,205
Q6BHT4,371
Q6BI60,457
Q6BII9,247
Q6BLV6,378
Q6BM25,472
Q6BNX8,339
Q6BPN4,179
Q6BQD2,369
Q6BS98,472
Q6BSS8,232
Q6BST1,212
Q6BT11,291
Q6BUP9,466
Q6BWG3,360
Q6BX32,369
Q6C0M4,459
Q6C1W9,371
Q6C3K2,463
Q6C3P1,196
Q6C482,429
Q6C4F8,464
Q6C673,420
Q6C712,354
Q6C783,391
Q6C997,324
Q6C9M8,463
Q6CA67,508
Q6CAV7,406
Q6CBE4,376
Q6CE86,372
Q6CG20,381
Q6CG88,526
Q6CGE1,419
Q6CGL4,227
Q6CH03,173
Q6CHN5,169
Q6CIC9,478
Q6CJ86,472
Q6CJK6,228
Q6CLD6,570
Q6CLN0,313
Q6CLS8,319
Q6CM87,221
Q6CMC0,503
Q6CMZ9,205
Q6CNG8,266
Q6CP50,434
Q6CR99,285
Q6CRI9,150
Q6CRT7,552
Q6CUM6,298
Q6CUZ3,481
Q6CVU2,447
Q6CWV1,572
Q6CWW0,333
Q6CXY0,197
Q6CYJ8,456
Q6CZ26,304
Q6CZI7,420
Q6CZR3,234
Q6D009,309
Q6D0A1,179
Q6D0N7,442
Q6D0N8,326
Q6D2V8,173
Q6D3F5,179
Q6D425,301
Q6D5T7,332
Q6D5V1,286
Q6D734,352
Q6D8V3,285
Q6D8V4,275
Q6D8V5,259
Q6DBD7,462
Q6DCC5,288
Q6DDR3,283
Q6DE40,449
Q6DGA6,395
Q6DHQ3,314
Q6DHR8,274
Q6DHU8,339
Q6DI51,175
Q6DIJ1,528
Q6DJM2,338
Q6DKB0,569
Q6DKE0,330
Q6DKE9,421
Q6DTN4,416
Q6DW75,463
Q6DWK3,248
Q6E1M8,333
Q6E4Q0,143
Q6E6B4,445
Q6E7F1,377
Q6E7F2,316
Q6E7K8,321
Q6E7K9,592
Q6EPG8,364
Q6ES10,466
Q6F0H8,212
Q6F0L9,317
Q6F0U4,244
Q6F0Y7,155
Q6F243,429
Q6F271,199
Q6F4M8,528
Q6F4M9,185
Q6F4N1,267
Q6F5E6,343
Q6F6U3,214
Q6F7A7,205
Q6F880,459
Q6F8H8,217
Q6F9F5,310
Q6FA07,396
Q6FBI2,294
Q6FDK2,505
Q6FDS1,241
Q6FFQ0,526
Q6FFQ2,444
Q6FG11,376
Q6FIS9,501
Q6FJJ9,458
Q6FKD6,564
Q6FKY3,317
Q6FM43,582
Q6FM49,189
Q6FMP5,352
Q6FP42,433
Q6FPX3,237
Q6FQ42,363
Q6FR37,551
Q6FRN1,278
Q6FTX0,193
Q6FUI5,318
Q6FWD1,505
Q6FXN7,385
Q6G079,286
Q6G0J6,343
Q6G0Y4,361
Q6G194,348
Q6G329,406
Q6G4U6,243
Q6G529,208
Q6G5D6,215
Q6G6F1,330
Q6G6X4,349
Q6G749,419
Q6G7P8,190
Q6G8D6,492
Q6G9D5,159
Q6GB27,238
Q6GCJ6,316
Q6GDD1,252
Q6GEH2,421
Q6GEY2,276
Q6GF48,407
Q6GHI9,302
Q6GI10,415
Q6GI19,374
Q6GI27,397
Q6GJ33,264
Q6GJ34,254
Q6GJA3,292
Q6GKC4,256
Q6GKE0,108
Q6GLK2,222
Q6GM16,414
Q6GM82,540
Q6GML1,591
Q6GMR7,532
Q6GNB5,218
Q6GPI1,263
Q6GQ33,318
Q6GQ62,266
Q6GQN8,377
Q6GR37,547
Q6H3Y7,411
Q6HCP8,463
Q6HEC8,219
Q6HGE0,235
Q6HHI7,251
Q6HHX8,209
Q6HKG3,446
Q6HL38,363
Q6HLA6,402
Q6HLX9,246
Q6I7B6,450
Q6IMI4,303
Q6IPR3,259
Q6J541,535
Q6J9G0,422
Q6JD73,554
Q6K833,339
Q6KHK4,370
Q6KHP2,476
Q6KI35,217
Q6KID0,280
Q6KIE2,413
Q6KIJ8,421
Q6KIP9,318
Q6KYZ5,347
Q6KZ11,255
Q6KZ23,225
Q6KZ25,415
Q6KZ38,298
Q6KZ54,331
Q6KZG0,289
Q6KZI8,266
Q6KZJ4,309
Q6KZM5,301
Q6KZP5,271
Q6L016,202
Q6L032,573
Q6L046,276
Q6L0A8,273
Q6L0D1,249
Q6L0E8,221
Q6L0Y7,251
Q6L1G5,411
Q6L1H9,178
Q6L1K2,218
Q6L1N2,427
Q6L1T2,391
Q6L1T9,349
Q6L1Y6,331
Q6L273,324
Q6L277,250
Q6L2G8,282
Q6L2G9,420
Q6L2N4,243
Q6L2W1,394
Q6L5F5,414
Q6L6S1,517
Q6L732,285
Q6L733,419
Q6L738,390
Q6L741,392
Q6LFH8,414
Q6LLW5,266
Q6LN63,252
Q6LNX0,194
Q6LNX3,576
Q6LP62,291
Q6LPD9,360
Q6LQ58,364
Q6LR20,372
Q6LRB9,277
Q6LTB1,257
Q6LTX5,419
Q6LUG1,174
Q6LUX5,180
Q6LWM9,599
Q6LWX9,244
Q6LX61,422
Q6LXN9,201
Q6LXQ4,438
Q6LXV8,327
Q6LYD7,184
Q6LYR8,415
Q6LYT2,308
Q6LYX3,274
Q6LYY1,157
Q6LZC4,366
Q6LZI3,314
Q6LZK1,178
Q6M060,167
Q6M0Z1,354
Q6MAC7,432
Q6MBG3,395
Q6MBL1,339
Q6MBL8,457
Q6MBM7,389
Q6MBS3,410
Q6MBS4,444
Q6MBU9,475
Q6MBY2,283
Q6MC00,232
Q6MC06,425
Q6MC72,499
Q6MCA7,520
Q6MDD9,300
Q6MDE3,262
Q6MDG3,197
Q6MDK2,235
Q6MDL5,194
Q6ME20,341
Q6MEF6,228
Q6MEL5,384
Q6MF42,333
Q6MGL7,221
Q6MHJ5,439
Q6MHQ3,235
Q6MHT3,335
Q6MHV9,458
Q6MIP7,261
Q6MK45,196
Q6MKC0,302
Q6MKE9,304
Q6MM37,359
Q6MMJ2,341
Q6MMJ3,255
Q6MN40,196
Q6MNY2,281
Q6MPK7,165
Q6MPP1,247
Q6MPS6,219
Q6MQB7,252
Q6MQH6,262
Q6MSF2,248
Q6MTJ7,222
Q6MTM6,424
Q6MUA3,532
Q6MWZ7,203
Q6N0P7,373
Q6N2R1,180
Q6N3F1,292
Q6N3F2,279
Q6N3F3,418
Q6N8N2,412
Q6NAM1,302
Q6NCZ6,218
Q6NFH9,303
Q6NG19,283
Q6NGA3,540
Q6NGD8,451
Q6NHE2,230
Q6NHL3,330
Q6NJJ4,344
Q6NJX0,218
Q6NKW9,481
Q6NKX1,476
Q6NL24,265
Q6NLB0,237
Q6NLG3,144
Q6NMK1,282
Q6NN40,276
Q6NPM8,346
Q6NQA8,488
Q6NRV4,341
Q6NT99,150
Q6NWX7,223
Q6NWZ9,201
Q6P0U3,244
Q6P461,506
Q6P6C2,394
Q6P6J4,239
Q6P6M7,504
Q6PA41,572
Q6PB03,493
Q6PB06,374
Q6PFX8,380
Q6PG34,547
Q6Q3H3,557
Q6Q874,448
Q6Q882,234
Q6QA32,307
Q6QHC5,323
Q6QJ72,187
Q6QUY9,420
Q6QUZ0,176
Q6R7M4,493
Q6RET7,523
Q6RS95,380
Q6SA95,466
Q6T1W6,363
Q6T1W7,192
Q6T1W8,139
Q6T1X6,309
Q6TBX7,539
Q6TEC1,212
Q6TEK5,176
Q6TMA3,270
Q6TMG4,241
Q6TMK4,531
Q6TNA5,595
Q6TU48,544
Q6TXD2,417
Q6U1I3,367
Q6U6J0,461
Q6UIL3,584
Q6UWM9,527
Q6UWQ5,194
Q6V4H0,360
Q6VMV8,343
Q6VMW0,366
Q6VMW1,344
Q6W3C0,440
Q6WAU0,342
Q6WFW1,475
Q6WNG7,541
Q6WNR0,498
Q6WP50,399
Q6WUC1,346
Q6WUC2,355
Q6WZB0,358
Q6X1C0,460
Q6XBH1,274
Q6XMH7,358
Q6XQ14,511
Q6XQG8,485
Q6YQU0,426
Q6YR94,536
Q6YSY5,357
Q6YTF1,500
Q6YV23,446
Q6YV88,518
Q6YYZ2,591
Q6Z1Y6,200
Q6Z5I7,512
Q6Z6K9,510
Q6ZHE5,426
Q6ZMB0,384
Q700X4,287
Q704D1,306
Q704D2,497
Q704E9,285
Q70FD1,272
Q70FG7,268
Q70IY1,570
Q70JP0,126
Q71DJ5,393
Q71KT5,418
Q71RP1,536
Q71SG7,428
Q71WN4,191
Q71YB0,393
Q71YQ4,420
Q722D2,211
Q726D5,365
Q726F7,430
Q726P7,488
Q726S6,402
Q72CB8,282
Q72DR3,408
Q72EC8,297
Q72G72,414
Q72H00,249
Q72HP8,152
Q72IH5,335
Q72IW2,184
Q72J02,271
Q72JB2,201
Q72JK8,293
Q72KU3,346
Q72L21,329
Q72L85,506
Q72LF3,321
Q72MV4,207
Q72N01,408
Q72NJ5,308
Q72P44,596
Q72PF1,214
Q72Q44,375
Q72QP1,216
Q72RT5,511
Q72S65,166
Q72T26,311
Q72U08,389
Q72UH8,285
Q72W63,281
Q72YK9,481
Q734S7,159
Q73GK9,246
Q73GL9,403
Q73HM7,168
Q73HX8,207
Q73IM4,430
Q73J84,536
Q73JG6,467
Q73K39,260
Q73KE7,194
Q73L91,391
Q73L97,199
Q73M65,322
Q73MD3,451
Q73N90,387
Q73NM0,361
Q73NS2,293
Q73PV6,366
Q73PV9,159
Q73Q01,203
Q73Q47,397
Q73QJ5,216
Q73QV3,295
Q73RG3,371
Q73RS4,208
Q73VU8,582
Q73X44,315
Q73XM4,159
Q73XR2,435
Q73XV3,450
Q740J1,347
Q741V9,191
Q743F4,354
Q747W9,326
Q748B2,284
Q749W5,267
Q74C65,471
Q74C76,528
Q74CF3,250
Q74E20,160
Q74E25,403
Q74HL8,184
Q74IA4,237
Q74J31,318
Q74KS6,318
Q74M64,567
Q74MA7,198
Q74MD3,376
Q74MH2,316
Q74MP5,196
Q74MU5,562
Q74NA6,392
Q74NE4,297
Q74Z47,385
Q74ZW4,399
Q74ZZ0,348
Q750F5,391
Q750S3,260
Q750X7,235
Q752M5,599
Q753F5,226
Q755C5,554
Q755D0,463
Q756E1,575
Q756F2,594
Q758K0,320
Q759S7,373
Q759T3,241
Q759U5,325
Q759Y5,443
Q75AL5,486
Q75AT3,442
Q75BW5,292
Q75DG6,451
Q75EI1,403
Q75EW5,278
Q75FF2,389
Q75FL1,249
Q75HE6,594
Q75JN8,329
Q75JX0,300
Q75M08,366
Q75PL7,330
Q75SP7,274
Q75UV1,126
Q766C2,438
Q767C8,463
Q767F1,278
Q76BS5,591
Q76BS7,598
Q76FP5,479
Q76HM9,412
Q76HN1,449
Q76KC2,342
Q76KX0,310
Q76L36,307
Q76L37,304
Q76NM7,207
Q793F9,437
Q796Y8,157
Q79EF1,359
Q79EM8,332
Q79FV4,372
Q79VI4,437
Q7A1Y7,495
Q7APG1,292
Q7BJX9,345
Q7BQ71,525
Q7CHH5,186
Q7CPF5,306
Q7CQV5,313
Q7D1N1,293
Q7DBA7,475
Q7DBF3,364
Q7DBF7,221
Q7DBF9,388
Q7F0Q2,353
Q7F1X5,542
Q7FAE1,274
Q7FGZ2,522
Q7G602,526
Q7JYX0,232
Q7K3B9,305
Q7KPA5,331
Q7KRU8,205
Q7KWM5,420
Q7KWU0,349
Q7KWX2,581
Q7LGC8,479
Q7LKX0,365
Q7LXU6,195
Q7M0R2,274
Q7M0Z3,298
Q7M135,269
Q7M181,436
Q7M329,200
Q7M7W9,492
Q7M7Z4,331
Q7M877,255
Q7M8X1,286
Q7M9C1,401
Q7M9C2,319
Q7M9K3,173
Q7M9L1,444
Q7M9U3,253
Q7MA26,305
Q7MAA5,340
Q7MAC6,216
Q7MAD4,336
Q7MAE6,393
Q7MAM0,289
Q7MBB9,304
Q7MF00,438
Q7MFC4,371
Q7MGG3,367
Q7MGL2,161
Q7MJ49,405
Q7MNQ4,239
Q7MPK7,260
Q7MPP3,272
Q7MQ55,247
Q7MQ83,466
Q7MQW9,379
Q7MR25,433
Q7MTC4,454
Q7MTZ8,262
Q7MUI9,577
Q7MUW1,434
Q7MV08,220
Q7MV70,369
Q7MVG0,255
Q7MVS7,493
Q7MWG0,199
Q7MWH4,357
Q7MXT8,462
Q7N278,338
Q7N2D6,291
Q7N2H1,325
Q7N2K4,278
Q7N4V5,394
Q7N8D4,419
Q7N9M5,234
Q7N9N4,580
Q7NAH7,435
Q7NB11,501
Q7NBS4,178
Q7NBS9,419
Q7NBT5,573
Q7NC17,368
Q7NC20,236
Q7NC34,492
Q7NC56,155
Q7NCE2,234
Q7NCE3,214
Q7NDJ2,246
Q7NE72,132
Q7NEW1,218
Q7NFY1,395
Q7NH24,345
Q7NHC5,276
Q7NJM6,515
Q7NK24,241
Q7NLS9,180
Q7NNL4,388
Q7NPW5,254
Q7NQK7,261
Q7NSB9,234
Q7NTY1,316
Q7NU26,333
Q7NW22,212
Q7NWY0,185
Q7NXD4,285
Q7P0V2,258
Q7PCC4,338
Q7PCJ8,170
Q7Q3N5,495
Q7RWX8,290
Q7S724,212
Q7S936,243
Q7SB53,402
Q7SCY6,486
Q7SDV9,358
Q7SDZ1,431
Q7SFB0,559
Q7SHZ2,542
Q7SIC2,350
Q7SXS7,596
Q7SY06,359
Q7SY23,556
Q7SY78,396
Q7T3E5,450
Q7TQC5,342
Q7TT16,396
Q7TUC7,221
Q7TUK9,308
Q7TUW5,364
Q7TV34,337
Q7TYX8,600
Q7U326,404
Q7U328,248
Q7U343,176
Q7U350,411
Q7U3A4,508
Q7U4A1,379
Q7U4Z9,280
Q7U8K7,437
Q7U924,210
Q7U9M0,195
Q7UDF6,292
Q7UFN6,214
Q7UFW4,404
Q7UFW7,304
Q7UG70,253
Q7UGJ6,389
Q7UGM3,208
Q7UGV1,155
Q7UHW3,437
Q7UHZ6,335
Q7UI59,359
Q7UIA4,302
Q7UIM1,245
Q7UIY1,408
Q7UJ19,320
Q7UJA8,389
Q7UK39,477
Q7UKQ9,223
Q7UMZ2,351
Q7UNC3,362
Q7UNR2,456
Q7UNR3,343
Q7UP75,347
Q7UPN0,337
Q7UPN5,404
Q7UPY2,507
Q7UPZ8,437
Q7UQ02,216
Q7UQU4,156
Q7UQW3,247
Q7UQZ6,313
Q7URG5,480
Q7URL0,299
Q7URL1,120
Q7URM5,455
Q7UT69,359
Q7UTQ8,283
Q7UTZ9,442
Q7UU71,187
Q7UU80,166
Q7UVF9,305
Q7UVG8,257
Q7UVL4,346
Q7UWN8,375
Q7UWY8,227
Q7UXF5,446
Q7UYS5,342
Q7UYX5,193
Q7UYZ6,211
Q7V0X5,171
Q7V1R8,344
Q7V277,588
Q7V2Q8,511
Q7V316,191
Q7V3A9,150
Q7V3N8,372
Q7V4W4,468
Q7V4W7,236
Q7V5X6,392
Q7V6B8,390
Q7V6G1,514
Q7V958,261
Q7V9U7,123
Q7VBF5,213
Q7VDN6,314
Q7VEG0,210
Q7VEI9,333
Q7VF14,463
Q7VFE5,417
Q7VFE9,321
Q7VFF1,440
Q7VFV4,315
Q7VG38,185
Q7VGT3,153
Q7VH68,326
Q7VI05,412
Q7VIW9,217
Q7VJU4,205
Q7VK48,194
Q7VL11,258
Q7VLN6,598
Q7VLS9,264
Q7VNM5,213
Q7VNV1,344
Q7VP83,209
Q7VQB9,189
Q7VQS0,420
Q7VQU0,284
Q7VQX8,576
Q7VR42,232
Q7VRD3,384
Q7VRQ8,599
Q7VRR4,414
Q7VRT2,384
Q7VRU9,372
Q7VSH3,396
Q7VU32,287
Q7VU67,262
Q7VVJ8,210
Q7VYQ1,219
Q7VYS6,284
Q7W022,270
Q7W1A7,222
Q7W1R5,413
Q7W6K7,283
Q7W6L5,510
Q7W736,224
Q7W749,202
Q7W7H6,393
Q7W865,258
Q7W910,318
Q7W9T3,228
Q7WD07,178
Q7WF17,162
Q7WGU8,313
Q7WNM3,370
Q7WQR6,258
Q7WSH3,540
Q7WT72,488
Q7WTB1,330
Q7WTJ6,332
Q7WUL3,564
Q7WUL4,496
Q7WUM3,437
Q7WY77,335
Q7WYA8,246
Q7X279,553
Q7X281,517
Q7X2H8,546
Q7X3T2,273
Q7X5C9,311
Q7X9V3,257
Q7XB08,351
Q7XB10,357
Q7XB14,408
Q7XE50,467
Q7XKC8,469
Q7XP65,358
Q7XPE8,471
Q7XQT2,499
Q7XR61,430
Q7XR84,326
Q7XSK2,516
Q7XTK3,435
Q7XUR3,517
Q7XVF9,520
Q7XXP3,441
Q7XYS8,394
Q7XZQ8,365
Q7Y138,386
Q7Y223,433
Q7Y232,270
Q7YRH6,199
Q7YRZ7,258
Q7Z139,329
Q7Z2E3,356
Q7Z6Z6,429
Q7ZW00,422
Q7ZW24,500
Q7ZW38,392
Q7ZW77,291
Q803C9,465
Q80UY1,400
Q80V42,188
Q80W54,475
Q80WN7,344
Q80WN8,395
Q80YA3,547
Q80Z29,491
Q815E8,366
Q819X0,386
Q81AF4,213
Q81CG8,220
Q81E02,211
Q81EJ6,273
Q81G05,194
Q81G27,263
Q81GG4,258
Q81GG7,253
Q81GI3,256
Q81I72,380
Q81IB3,309
Q81JT1,290
Q81JX2,283
Q81L50,107
Q81PE9,597
Q81RQ4,280
Q81RQ7,412
Q820F1,154
Q820K0,358
Q822B5,341
Q822M8,204
Q823P4,213
Q824C8,497
Q825I8,402
Q826W3,413
Q827H4,384
Q829L5,134
Q82AA2,215
Q82AK8,132
Q82CD3,250
Q82EC8,333
Q82EU4,548
Q82HD9,269
Q82JN8,227
Q82JN9,556
Q82JY6,345
Q82KI9,216
Q82KS8,427
Q82LL5,376
Q82LU9,445
Q82M02,101
Q82P95,314
Q82PC4,366
Q82RR7,335
Q82S79,214
Q82SL8,252
Q82TW4,176
Q82UI9,151
Q82VS8,521
Q82WC8,213
Q82XD4,325
Q82ZC9,357
Q82ZQ1,454
Q831F7,277
Q833G5,313
Q833J1,274
Q836E5,430
Q836T1,270
Q837G2,199
Q838I3,326
Q838U8,487
Q839J4,337
Q83AD8,277
Q83AK6,209
Q83BJ9,449
Q83CD9,392
Q83CM5,488
Q83CU8,248
Q83D18,196
Q83E64,282
Q83EA4,111
Q83F44,351
Q83FF5,426
Q83FM3,199
Q83FM6,156
Q83FR7,404
Q83G05,186
Q83G43,146
Q83GE3,193
Q83GK7,272
Q83GN7,317
Q83GX6,301
Q83GY8,368
Q83HA7,351
Q83HC3,335
Q83HD8,186
Q83HQ7,279
Q83HU4,380
Q83I36,347
Q83ID3,503
Q83JA5,334
Q83JF4,328
Q83LM0,396
Q83MK2,321
Q83MX3,422
Q83P19,267
Q83Q96,169
Q83RN5,512
Q83VZ5,264
Q83WC4,265
Q83WC8,276
Q83WF2,399
Q841V6,566
Q848J2,551
Q84BZ2,161
Q84DC3,436
Q84DC4,507
Q84F86,387
Q84FH6,122
Q84G06,290
Q84HC5,558
Q84HC8,332
Q84HH6,555
Q84HH8,515
Q84JL2,472
Q84K96,369
Q84KI1,509
Q84KI6,482
Q84KK4,365
Q84KK6,367
Q84LF2,548
Q84M93,486
Q84MA2,590
Q84MD8,379
Q84ND0,581
Q84QC1,199
Q84SN3,433
Q84ST4,343
Q84UB5,357
Q84UB8,395
Q84V83,382
Q84VV6,146
Q84WW6,492
Q84YK7,499
Q84ZW8,590
Q85A69,381
Q85A82,290
Q85G85,290
Q85X76,510
Q864U6,331
Q865R1,512
Q866E7,366
Q869K3,311
Q869T9,349
Q869W6,349
Q869X7,466
Q86A17,231
Q86A85,521
Q86A90,377
Q86AD7,392
Q86AG7,390
Q86AG8,481
Q86AU1,225
Q86AW9,450
Q86B06,350
Q86BN8,200
Q86HF4,158
Q86IC8,231
Q86II4,362
Q86IX2,229
Q86JD4,179
Q86JJ0,312
Q86JM5,296
Q86K86,283
Q86KC1,212
Q86KU6,313
Q86L14,542
Q86L51,205
Q86MV5,487
Q86S40,502
Q86U10,579
Q86U44,580
Q86U90,279
Q86UY6,237
Q86WU2,484
Q86XA0,190
Q86YN1,238
Q86ZR7,236
Q873X6,440
Q877H6,132
Q87CK3,346
Q87DC2,473
Q87EG7,239
Q87EL7,467
Q87F90,397
Q87HT6,399
Q87KM5,106
Q87MB0,198
Q87NE7,198
Q87NI7,571
Q87Q38,255
Q87RV2,415
Q87SG6,437
Q87V59,211
Q886M4,281
Q889Z1,364
Q88ER1,275
Q88FF8,186
Q88FX9,157
Q88FY3,268
Q88FY5,213
Q88GJ9,409
Q88HL0,273
Q88J90,512
Q88JX5,340
Q88JY0,361
Q88M11,223
Q88MB9,452
Q88MP1,344
Q88NN6,268
Q88Q44,278
Q88Q83,365
Q88QT3,339
Q88RA3,277
Q88RS0,175
Q88S38,350
Q88S49,488
Q88S84,474
Q88SF0,487
Q88SI6,237
Q88SR1,563
Q88U30,413
Q88VR4,272
Q88W01,261
Q88WI1,208
Q88YN5,256
Q88YY8,225
Q890L4,340
Q891Y7,429
Q892X7,439
Q893K6,338
Q894C9,373
Q894H2,274
Q895U7,227
Q898Z5,358
Q899M5,249
Q89A49,390
Q89A54,265
Q89A96,578
Q89AB0,372
Q89AC6,418
Q89AE4,450
Q89AE5,371
Q89AF3,453
Q89AH0,311
Q89AH3,410
Q89AI2,326
Q89AJ4,232
Q89AJ9,478
Q89AK3,331
Q89AK6,384
Q89AK9,266
Q89AL1,247
Q89AM6,310
Q89AN3,245
Q89AN9,150
Q89AP6,341
Q89AQ0,576
Q89AQ2,442
Q89AQ7,252
Q89AQ9,410
Q89AV3,278
Q89AY4,407
Q89B11,254
Q89B23,529
Q89FH0,389
Q89HA2,582
Q89IM4,176
Q89JL7,288
Q89LF9,267
Q89NF3,345
Q89P00,543
Q89PW2,208
Q89SQ1,363
Q89V30,198
Q89V40,285
Q89VI2,219
Q89XP2,226
Q89YN0,555
Q89Z59,472
Q89ZC3,182
Q89ZF2,238
Q89ZI8,270
Q89ZK3,364
Q8A155,507
Q8A1A3,485
Q8A254,482
Q8A2E4,348
Q8A2E9,336
Q8A2Z5,568
Q8A3X5,597
Q8A4P5,353
Q8A624,326
Q8A677,204
Q8A712,164
Q8A7E7,213
Q8A7J9,159
Q8A7Z4,196
Q8A861,383
Q8A8Y4,322
Q8A945,269
Q8A947,206
Q8A9H7,237
Q8A9J0,479
Q8AAI7,156
Q8AV84,504
Q8AVI9,319
Q8AXN9,533
Q8BFV3,398
Q8BG41,302
Q8BG58,503
Q8BGB7,257
Q8BGC4,377
Q8BGL3,157
Q8BGS7,416
Q8BGV0,477
Q8BGW6,398
Q8BJQ9,530
Q8BM88,312
Q8BP47,559
Q8BP74,359
Q8BSL4,346
Q8BTW8,588
Q8BUG2,492
Q8BVU5,350
Q8BWF0,523
Q8BWT1,397
Q8BYH3,481
Q8BYI6,544
Q8BZB2,204
Q8C2P3,475
Q8C5L6,468
Q8C7W7,541
Q8CEE7,334
Q8CGU9,485
Q8CHK7,275
Q8CHS7,311
Q8CNH8,433
Q8CNR4,325
Q8CPB2,262
Q8CPV5,402
Q8CSX5,263
Q8CTR3,243
Q8CUM9,399
Q8CUS7,582
Q8CV14,512
Q8CVD0,582
Q8CWR6,441
Q8CWX8,498
Q8CXQ1,241
Q8CXQ2,232
Q8CY56,271
Q8CZD8,579
Q8D1Y2,432
Q8D216,329
Q8D244,529
Q8D245,434
Q8D257,194
Q8D275,328
Q8D295,501
Q8D298,227
Q8D2A6,288
Q8D2B9,591
Q8D2F5,400
Q8D2L7,216
Q8D2M3,298
Q8D2N9,182
Q8D2P6,378
Q8D2P9,394
Q8D2R3,392
Q8D2R5,168
Q8D2S2,376
Q8D2U9,363
Q8D2V1,243
Q8D2V5,505
Q8D2V8,248
Q8D2W4,403
Q8D2X3,446
Q8D2X8,327
Q8D2Y5,350
Q8D2Z1,496
Q8D303,139
Q8D339,562
Q8D340,286
Q8D342,323
Q8D350,288
Q8D385,232
Q8D3A7,234
Q8D3I0,272
Q8D6Q0,408
Q8D7E0,404
Q8D8C0,320
Q8D8Q9,243
Q8DAS3,234
Q8DB36,377
Q8DC38,525
Q8DCF4,406
Q8DD43,369
Q8DDX5,213
Q8DEI1,274
Q8DG35,179
Q8DI53,426
Q8DIP7,467
Q8DKE4,407
Q8DKT8,367
Q8DLK3,146
Q8DMI6,562
Q8DML4,195
Q8DMS9,338
Q8DNY1,264
Q8DP63,463
Q8DPI6,229
Q8DQ85,335
Q8DR77,396
Q8DSG3,583
Q8DSN0,263
Q8DTM1,393
Q8DTN6,310
Q8DUP4,362
Q8DY32,195
Q8E0N2,599
Q8E2I1,191
Q8E3C7,395
Q8E4B4,239
Q8EAX8,574
Q8EBF9,523
Q8ECL7,459
Q8EDK8,275
Q8EDU8,270
Q8EE60,163
Q8EEB0,356
Q8EEB1,395
Q8EG63,387
Q8EG65,318
Q8EG66,349
Q8EGF8,296
Q8EI85,500
Q8EK32,424
Q8EK85,341
Q8EMZ1,224
Q8EN87,386
Q8EP32,398
Q8EP79,170
Q8EQD6,400
Q8ER25,313
Q8ERU2,327
Q8ESS0,201
Q8ESU5,262
Q8ESU7,128
Q8ESU9,179
Q8ESZ2,257
Q8ESZ3,206
Q8ET54,477
Q8EUG2,150
Q8EUG9,317
Q8EUI6,362
Q8EUJ8,341
Q8EUQ1,530
Q8EUR3,594
Q8EUW7,470
Q8EV80,282
Q8EVF2,564
Q8EVH2,322
Q8EVH8,383
Q8EVI1,426
Q8EVU1,429
Q8EVW9,181
Q8EW01,426
Q8EW34,250
Q8EW41,331
Q8EW81,312
Q8EWB7,580
Q8EWK9,243
Q8EWQ7,295
Q8EWR9,299
Q8EXA4,275
Q8EXP7,220
Q8EZ21,178
Q8EZT7,426
Q8F0A5,161
Q8F0Q1,495
Q8F0S9,307
Q8F3Q1,516
Q8F4J4,504
Q8F6C0,464
Q8F8K4,187
Q8F9F8,289
Q8F9Q1,217
Q8FES6,325
Q8FFM8,405
Q8FMH9,356
Q8FMX2,469
Q8FNQ1,275
Q8FNR0,296
Q8FNU0,360
Q8FP80,394
Q8FQZ4,315
Q8FSF8,466
Q8FT06,369
Q8FT39,312
Q8FU86,136
Q8G2I3,342
Q8G3P4,294
Q8G487,162
Q8G4L4,446
Q8G5G1,440
Q8G5L2,174
Q8G6B5,193
Q8G736,420
Q8G8Y2,418
Q8G907,250
Q8G9F9,228
Q8GAJ0,421
Q8GAV9,250
Q8GAW0,550
Q8GAZ4,393
Q8GCH2,400
Q8GCV0,362
Q8GED7,239
Q8GED9,219
Q8GGG1,458
Q8GGJ7,173
Q8GHB1,277
Q8GME2,182
Q8GMG0,539
Q8GMG6,527
Q8GNT2,153
Q8GS60,462
Q8GSJ6,154
Q8GSM7,435
Q8GSN8,460
Q8GUP2,274
Q8GUT5,288
Q8GVE3,452
Q8GW31,373
Q8GW43,476
Q8GWB7,537
Q8GWG0,376
Q8GWG2,349
Q8GWP5,426
Q8GXB7,251
Q8GXJ1,552
Q8GXR9,519
Q8GXT7,291
Q8GXU8,356
Q8GXV5,298
Q8GY91,329
Q8GZ45,186
Q8GZB4,147
Q8H0F2,482
Q8H0F6,225
Q8H0W1,291
Q8H116,572
Q8H1S1,336
Q8H5F8,321
Q8H780,430
Q8H930,421
Q8H9A8,351
Q8HEC3,231
Q8HEC4,291
Q8HUH0,489
Q8HXX2,423
Q8HXY6,427
Q8HYJ6,359
Q8HYJ9,532
Q8HZR3,398
Q8I1T1,229
Q8I2J3,570
Q8I2X3,396
Q8I384,411
Q8I3X4,245
Q8I4F7,507
Q8I566,442
Q8IBT4,546
Q8IDQ9,266
Q8IE14,184
Q8IEG9,408
Q8IIS0,164
Q8IJP2,517
Q8IJR9,555
Q8IL04,205
Q8IMU4,290
Q8INK6,232
Q8IQF1,565
Q8IV20,430
Q8IVS2,390
Q8IYP2,241
Q8J0F0,383
Q8J0I9,490
Q8J0K5,282
Q8J207,356
Q8J2V8,564
Q8JZU0,352
Q8K3U6,446
Q8K4H1,305
Q8K940,228
Q8K986,232
Q8K997,284
Q8K9E4,246
Q8K9E9,315
Q8K9F8,385
Q8K9J6,310
Q8K9L5,336
Q8K9N6,262
Q8K9P0,432
Q8K9P6,269
Q8K9U2,130
Q8KA29,285
Q8KA74,461
Q8KA77,351
Q8KAB1,470
Q8KBH1,354
Q8KBK9,451
Q8KBV8,425
Q8KCD5,294
Q8KCQ3,353
Q8KCU0,456
Q8KCW2,469
Q8KDE2,338
Q8KDM7,286
Q8KDS8,400
Q8KGC9,508
Q8KGD2,465
Q8KGE0,338
Q8KI76,170
Q8KKS1,184
Q8KL44,209
Q8KLS9,257
Q8KP37,206
Q8KQK1,318
Q8KQL2,352
Q8KQL6,332
Q8KRU5,556
Q8KTR0,202
Q8KWS8,472
Q8KWS9,254
Q8KWT0,236
Q8KZT5,353
Q8L208,239
Q8L2I5,304
Q8L3B0,421
Q8L3B1,417
Q8L493,373
Q8L518,350
Q8L5A7,359
Q8L5K4,600
Q8L633,354
Q8L794,385
Q8L7R3,398
Q8L7S6,535
Q8L7W5,298
Q8L856,239
Q8L868,426
Q8L870,274
Q8L970,316
Q8LBA6,227
Q8LCU7,375
Q8LDU4,319
Q8LE52,258
Q8LFG1,413
Q8LIL0,402
Q8LIY8,569
Q8LK61,496
Q8LKV5,362
Q8LL87,350
Q8MI29,277
Q8MIR0,373
Q8MKI5,277
Q8MMG9,585
Q8MP06,456
Q8MV48,591
Q8MXQ7,425
Q8MYY6,558
Q8MZC4,322
Q8MZR5,465
Q8MZS4,575
Q8N0V5,402
Q8N3Y7,309
Q8N428,558
Q8N4E7,242
Q8N4P3,179
Q8N884,522
Q8N999,325
Q8N9L9,421
Q8NB12,490
Q8NBQ5,300
Q8NBS9,432
Q8NFU5,416
Q8NHS2,421
Q8NIG9,375
Q8NJ57,386
Q8NK50,266
Q8NLB6,442
Q8NMJ7,292
Q8NQU4,254
Q8NQV0,331
Q8NR09,123
Q8NR94,530
Q8NRZ6,520
Q8NSH7,381
Q8NSL3,504
Q8NSN2,360
Q8NT39,230
Q8NX98,327
Q8NZI1,364
Q8NZV6,141
Q8P0E0,234
Q8P0Z2,192
Q8P102,294
Q8P173,174
Q8P317,335
Q8P4G1,437
Q8P6V8,369
Q8P804,349
Q8P8H3,221
Q8P9N8,206
Q8PAD3,456
Q8PBP3,289
Q8PDQ6,473
Q8PDX2,338
Q8PET9,472
Q8PFF8,334
Q8PK53,214
Q8PM33,423
Q8PM64,249
Q8PP41,252
Q8PPW9,213
Q8PQ80,298
Q8PT13,555
Q8PT98,234
Q8PU39,405
Q8PU52,208
Q8PUB7,369
Q8PUG2,104
Q8PUP4,268
Q8PVQ2,197
Q8PVW3,409
Q8PW52,571
Q8PW87,225
Q8PWT3,356
Q8PWY1,454
Q8PX29,334
Q8PX31,267
Q8PXJ6,318
Q8PY64,184
Q8PY83,300
Q8PY84,161
Q8PYC8,271
Q8PYC9,419
Q8PYH6,365
Q8PYQ9,379
Q8PYS1,295
Q8PZ04,210
Q8PZ55,288
Q8PZK7,416
Q8PZM3,454
Q8Q009,357
Q8Q051,345
Q8Q0M5,324
Q8QZR1,454
Q8QZV1,534
Q8QZY2,523
Q8R016,455
Q8R071,459
Q8R1K4,467
Q8R2G4,371
Q8R2Y3,534
Q8R4H7,527
Q8R4N0,338
Q8R5U4,367
Q8R5Z5,343
Q8R639,600
Q8R6A7,452
Q8R6C8,294
Q8R6C9,298
Q8R711,312
Q8R749,460
Q8R778,389
Q8R7S0,337
Q8R7S6,227
Q8R7S8,160
Q8R7Y7,240
Q8R821,220
Q8R884,240
Q8R8M3,241
Q8R8Q6,466
Q8RA40,285
Q8RA78,224
Q8RAD0,280
Q8RAI7,592
Q8RB32,243
Q8RBE5,201
Q8RBJ3,292
Q8RBQ1,501
Q8RC54,417
Q8RCF9,384
Q8RCU0,239
Q8RCW1,449
Q8RDH4,326
Q8RDK3,397
Q8RDQ0,361
Q8RDQ2,468
Q8RDQ4,287
Q8RE31,211
Q8REE6,264
Q8REG7,247
Q8REH1,193
Q8REN3,404
Q8REV7,426
Q8REW8,375
Q8RF14,354
Q8RF94,172
Q8RFA8,245
Q8RFE6,192
Q8RFG1,413
Q8RFN0,318
Q8RG55,155
Q8RG88,425
Q8RGC8,371
Q8RGJ5,413
Q8RGP6,275
Q8RGW9,349
Q8RGX1,163
Q8RGX7,328
Q8RH43,187
Q8RHM3,446
Q8RHT8,478
Q8RHX1,128
Q8RHX2,272
Q8RHX7,518
Q8RIA5,332
Q8RIS8,359
Q8RJB2,249
Q8RK01,449
Q8RKI6,129
Q8RKI8,383
Q8RKJ0,341
Q8RKJ1,389
Q8RMD1,270
Q8RMD4,299
Q8RMG1,302
Q8RQN1,421
Q8RQN6,431
Q8RQP9,176
Q8RSU9,361
Q8RSY9,398
Q8RUF8,369
Q8RUW5,433
Q8RVM0,371
Q8RWN9,539
Q8RWT8,514
Q8RX88,424
Q8RXG3,348
Q8RY79,490
Q8RYL0,497
Q8S1V1,424
Q8S2G5,467
Q8S341,328
Q8S3C1,439
Q8S3N2,435
Q8S3R1,479
Q8S8E7,218
Q8S8F9,244
Q8S8S2,539
Q8S8X8,353
Q8S9J1,508
Q8S9J2,385
Q8SAS8,395
Q8SQ26,322
Q8SQ41,390
Q8SQI7,535
Q8SQM5,425
Q8SQN2,334
Q8SQN7,227
Q8SQP0,428
Q8SQS1,335
Q8SQW2,329
Q8SQW6,322
Q8SQZ4,405
Q8SQZ6,579
Q8SQZ7,486
Q8SR63,400
Q8SR89,434
Q8SR90,309
Q8SR99,432
Q8SRB8,238
Q8SRD8,563
Q8SRF5,265
Q8SRK8,322
Q8SRM7,147
Q8SRS0,144
Q8SS48,429
Q8SS85,177
Q8SSH4,586
Q8SSH7,177
Q8SSK6,301
Q8SSL2,459
Q8SSM8,338
Q8SUZ5,347
Q8SV03,411
Q8SVA6,391
Q8SVV3,360
Q8SW92,308
Q8SWM6,472
Q8T1C6,423
Q8T1E3,379
Q8T1G5,181
Q8T8B9,401
Q8T9S7,533
Q8TBZ6,339
Q8TC12,318
Q8TCT0,537
Q8TCT1,267
Q8TDQ7,276
Q8TFF8,356
Q8TFF9,547
Q8TFN1,493
Q8TGB8,201
Q8TGY5,485
Q8THU2,490
Q8TIF5,255
Q8TIN7,417
Q8TJK1,249
Q8TJQ7,298
Q8TJS1,184
Q8TJU1,356
Q8TJZ9,265
Q8TK00,497
Q8TK88,256
Q8TK89,428
Q8TKK3,175
Q8TKQ6,405
Q8TKU6,387
Q8TLF1,424
Q8TLK5,305
Q8TLP5,370
Q8TN93,248
Q8TQ69,234
Q8TQD4,405
Q8TRZ6,469
Q8TSR7,580
Q8TTB6,339
Q8TUB9,350
Q8TUM3,567
Q8TUS5,255
Q8TUU1,406
Q8TV34,154
Q8TV83,200
Q8TVA3,310
Q8TVD2,527
Q8TVG7,275
Q8TVH1,284
Q8TVJ1,147
Q8TW12,345
Q8TW31,168
Q8TWG3,449
Q8TWG9,229
Q8TWH4,190
Q8TWM9,433
Q8TWN3,559
Q8TWP6,555
Q8TWS9,271
Q8TWU6,278
Q8TWY8,452
Q8TX49,180
Q8TX67,499
Q8TX89,121
Q8TXB4,223
Q8TXD7,297
Q8TXF1,462
Q8TXG3,431
Q8TXJ5,339
Q8TXK0,431
Q8TXM0,239
Q8TXN9,508
Q8TXQ3,309
Q8TXS3,190
Q8TXU6,318
Q8TXW8,242
Q8TXX9,426
Q8TY76,215
Q8TY77,143
Q8TYA2,275
Q8TYB6,161
Q8TYG5,409
Q8TYG6,298
Q8TYK5,193
Q8TYV1,532
Q8TYV3,459
Q8TYY7,383
Q8TZ38,194
Q8TZ45,262
Q8TZ52,198
Q8TZ66,292
Q8TZB0,191
Q8TZE8,326
Q8TZL3,303
Q8TZW4,346
Q8TZX1,156
Q8U020,196
Q8U086,371
Q8U0B5,249
Q8U0B6,330
Q8U0N1,407
Q8U192,207
Q8U194,278
Q8U195,474
Q8U1K9,359
Q8U1L4,345
Q8U1P0,551
Q8U1P9,420
Q8U260,556
Q8U2L4,192
Q8U380,394
Q8U3L0,499
Q8U3T3,169
Q8U4A0,414
Q8U4G1,281
Q8U4I9,257
Q8U4J5,307
Q8U4M3,352
Q8U4Q3,184
Q8U705,504
Q8U9B0,499
Q8UA86,510
Q8UAS9,246
Q8UCD5,358
Q8UD57,201
Q8UEY9,233
Q8UFI8,162
Q8UI71,399
Q8VBT0,278
Q8VBX1,493
Q8VCC2,565
Q8VCT4,565
Q8VCU1,571
Q8VCZ9,456
Q8VD48,319
Q8VDG5,311
Q8VDK1,323
Q8VI38,347
Q8VPD4,534
Q8VQ46,290
Q8VU09,459
Q8VWZ8,266
Q8VXQ2,479
Q8VY08,332
Q8VYG2,424
Q8VYI3,309
Q8VYP9,476
Q8VYX0,464
Q8VYX1,498
Q8VYZ3,383
Q8VZ56,423
Q8VZB2,221
Q8VZC0,433
Q8VZG1,488
Q8VZQ0,392
Q8VZU3,465
Q8W1W9,462
Q8W1X2,343
Q8W257,500
Q8W2B7,459
Q8W2N5,478
Q8W2X5,342
Q8W3L1,483
Q8W3P8,478
Q8W3U4,284
Q8W404,306
Q8W491,481
Q8W4T9,485
Q8W593,262
Q8WPJ2,367
Q8WR51,424
Q8WTS1,349
Q8WU03,294
Q8WVB3,486
Q8WVQ1,401
Q8WVX9,515
Q8WVZ1,309
Q8WWR8,484
Q8WYK0,555
Q8X092,556
Q8X0H8,471
Q8X1P1,236
Q8X260,229
Q8X4L6,268
Q8X5K0,288
Q8X5X6,531
Q8X6R8,215
Q8X6V3,442
Q8X8Q3,410
Q8X8T3,434
Q8XAZ4,472
Q8XDJ8,304
Q8XE09,267
Q8XGX8,591
Q8XHI3,493
Q8XHJ0,457
Q8XIY6,214
Q8XKQ8,207
Q8XLK5,251
Q8XNV1,481
Q8XQC8,525
Q8XRC2,260
Q8XRV9,268
Q8XVI2,514
Q8XWX1,175
Q8XZK8,209
Q8Y081,268
Q8Y0K4,345
Q8Y1L3,174
Q8Y2E0,289
Q8Y3I9,104
Q8Y4A9,283
Q8Y557,293
Q8Y5N4,484
Q8Y5R9,512
Q8Y5X8,360
Q8Y678,252
Q8Y6B9,237
Q8Y6K9,580
Q8Y6U4,386
Q8Y914,246
Q8Y9D6,368
Q8Y9Y3,273
Q8YAS7,341
Q8YBP2,518
Q8YBP3,388
Q8YC53,489
Q8YG32,513
Q8YMK0,468
Q8YPF9,387
Q8YQB1,318
Q8YRD8,425
Q8YSY4,477
Q8YTJ3,182
Q8YUI9,244
Q8YVB5,216
Q8YW05,500
Q8YWH5,165
Q8YX03,202
Q8YX72,351
Q8YX96,319
Q8YYB8,342
Q8YYH3,101
Q8Z168,284
Q8Z169,216
Q8Z428,472
Q8Z688,356
Q8Z6G0,344
Q8Z6K2,470
Q8Z6R2,333
Q8Z897,561
Q8Z9M6,433
Q8ZAE1,365
Q8ZEG6,192
Q8ZHF4,197
Q8ZIK1,206
Q8ZKE6,154
Q8ZKR2,319
Q8ZKT7,413
Q8ZL58,398
Q8ZM06,275
Q8ZNC4,465
Q8ZNL8,413
Q8ZP65,168
Q8ZPK6,231
Q8ZPX9,262
Q8ZRI9,208
Q8ZT09,292
Q8ZT61,484
Q8ZT64,460
Q8ZT70,279
Q8ZTC3,419
Q8ZTE3,150
Q8ZTJ1,184
Q8ZTJ7,287
Q8ZU24,284
Q8ZU54,238
Q8ZU99,261
Q8ZUF6,178
Q8ZV04,501
Q8ZV07,383
Q8ZVQ3,138
Q8ZVX7,269
Q8ZWK6,408
Q8ZWV0,302
Q8ZWW5,187
Q8ZXM4,291
Q8ZY17,368
Q8ZY39,131
Q8ZY49,346
Q8ZY96,155
Q8ZYE0,461
Q8ZYH2,495
Q8ZYM8,428
Q8ZYP2,215
Q8ZYR4,164
Q8ZYX0,266
Q8ZZB0,340
Q8ZZC7,383
Q90391,414
Q90392,414
Q90694,191
Q90744,405
Q90999,557
Q91642,242
Q91VE3,249
Q91WS0,108
Q91X79,266
Q91X91,299
Q91XD4,541
Q91XE4,318
Q91XQ5,561
Q91YL3,548
Q91YN5,505
Q91YP0,464
Q91YP3,318
Q91YX5,370
Q91Z92,325
Q92088,499
Q920L5,267
Q92113,509
Q921V5,442
Q92235,347
Q92236,418
Q922H7,247
Q92396,574
Q92398,422
Q92407,495
Q924S1,378
Q926X0,488
Q92737,203
Q927E6,329
Q927X3,374
Q92851,455
Q928L8,340
Q928V0,441
Q92947,438
Q92963,219
Q929X1,301
Q92A81,365
Q92AA6,277
Q92AE2,270
Q92BC1,316
Q92BL9,233
Q92D47,510
Q92DF6,355
Q92EG7,291
Q92ET9,125
Q92EU2,331
Q92EU3,216
Q92EU5,148
Q92FR7,408
Q92G53,200
Q92GS6,508
Q92H60,449
Q92IC3,267
Q92J59,244
Q92JJ2,181
Q92KZ3,333
Q92M71,266
Q92MP8,501
Q92MQ8,214
Q92QZ0,342
Q92RN7,306
Q92RN8,212
Q92SN3,315
Q92TP3,348
Q92WP0,299
Q92X16,321
Q92YE0,600
Q92YM4,354
Q93088,406
Q930T2,280
Q93113,209
Q93169,366
Q93341,189
Q93353,379
Q934J6,250
Q936X3,457
Q93703,464
Q93841,262
Q938B4,311
Q93AL8,374
Q93AL9,407
Q93AM1,412
Q93GX3,257
Q93HS4,352
Q93HT9,313
Q93HX6,320
Q93JQ8,395
Q93JQ9,505
Q93JT2,235
Q93KD4,214
Q93LJ4,181
Q93LQ8,297
Q93MW7,268
Q93NF6,204
Q93NG3,397
Q93NG6,367
Q93P60,398
Q93TL6,244
Q93TM8,255
Q93TU6,257
Q93UV0,420
Q93UV4,357
Q93V61,447
Q93W54,197
Q93WU2,357
Q93XP7,467
Q93Y52,280
Q93YN9,451
Q93Z04,501
Q93ZB2,509
Q93ZG7,496
Q940S3,505
Q940Z5,469
Q94252,411
Q944I4,456
Q94521,275
Q94522,328
Q94529,231
Q94715,308
Q947B7,493
Q949Q1,537
Q949U1,538
Q949W8,558
Q949X0,371
Q949Y3,475
Q949Z1,475
Q94A02,440
Q94A82,438
Q94AA9,500
Q94AC8,274
Q94AF2,365
Q94AJ5,444
Q94AP0,506
Q94AR8,509
Q94AT3,378
Q94BU8,185
Q94CD1,457
Q94F00,371
Q94FM7,504
Q94FT4,474
Q94FY2,250
Q94G53,582
Q94G86,460
Q94ID2,330
Q94ID3,357
Q94JV5,307
Q94VJ5,345
Q95003,224
Q950U8,297
Q95119,517
Q95JH0,287
Q95NE0,314
Q95NN1,388
Q95NZ0,599
Q95Q62,458
Q95UJ0,206
Q95WY5,580
Q95X01,464
Q95ZE3,393
Q960W6,516
Q96287,472
Q96291,266
Q96330,336
Q964T1,501
Q96519,336
Q96565,376
Q96581,516
Q965X7,356
Q966V2,388
Q966Y3,361
Q969G6,155
Q96AB6,310
Q96BW9,452
Q96BZ4,506
Q96C11,551
Q96EG1,525
Q96EK6,184
Q96GA7,329
Q96I15,445
Q96PC2,410
Q96Q11,434
Q96RQ9,567
Q96UB1,471
Q96UY1,349
Q96V64,426
Q96VC9,498
Q96WM9,581
Q96WW6,506
Q96XN9,311
Q96Y90,216
Q96Y91,408
Q96Y96,352
Q96YC2,311
Q96YK0,560
Q96YK1,359
Q96YL7,169
Q96YZ3,399
Q96ZD9,202
Q970N1,431
Q970S6,352
Q970U9,446
Q970Z2,230
Q970Z4,357
Q971K2,343
Q971U9,136
Q972V9,219
Q974L1,172
Q974S8,215
Q974T4,188
Q974U1,339
Q974X3,386
Q975C8,334
Q975F9,401
Q975T9,169
Q975Y9,333
Q976E4,455
Q976I1,363
Q976I3,429
Q976J6,261
Q976K0,387
Q977U7,357
Q977V1,248
Q978F5,111
Q978U9,304
Q978Y8,426
Q979B8,503
Q979E6,169
Q979V9,237
Q979Y8,455
Q979Z1,331
Q979Z8,206
Q97A25,196
Q97A55,397
Q97A63,378
Q97A64,201
Q97AJ4,345
Q97AK6,476
Q97AR1,178
Q97B26,297
Q97B59,437
Q97BD7,220
Q97BN7,273
Q97BV2,181
Q97C22,224
Q97CA5,286
Q97CC2,347
Q97CC6,249
Q97CI4,437
Q97CL5,137
Q97CM5,256
Q97D55,221
Q97D80,286
Q97D82,181
Q97DC6,320
Q97DU2,192
Q97E14,164
Q97EQ5,181
Q97ET6,388
Q97EX8,478
Q97FE0,225
Q97FR2,201
Q97FZ9,195
Q97G69,198
Q97G95,150
Q97GC0,400
Q97GH8,295
Q97GH9,387
Q97JA2,252
Q97JB4,352
Q97JD9,215
Q97KN0,570
Q97KW7,291
Q97MB3,396
Q97MK4,358
Q97ML3,306
Q97MU6,396
Q97MV3,162
Q97QF9,119
Q97QZ1,253
Q97SA9,470
Q97TX9,202
Q97U21,360
Q97U27,395
Q97U30,509
Q97U96,373
Q97UA0,298
Q97UA1,478
Q97UL5,325
Q97UL6,323
Q97VM8,227
Q97VW8,545
Q97W92,281
Q97WP0,175
Q97YJ9,333
Q97ZC5,472
Q97ZE0,461
Q97ZG3,175
Q97ZL0,101
Q97ZZ0,192
Q980A0,414
Q980C3,251
Q980D2,314
Q980I5,414
Q980L5,132
Q980V1,120
Q980W4,262
Q984P0,159
Q987E7,507
Q987N5,326
Q988B7,248
Q988B8,393
Q988B9,268
Q988C9,543
Q988D0,234
Q988D4,278
Q98AN7,198
Q98AV8,513
Q98DA2,365
Q98DV6,195
Q98FW0,297
Q98H64,485
Q98K15,515
Q98KP1,439
Q98KT9,394
Q98MC6,279
Q98ML9,243
Q98PD1,339
Q98PH2,360
Q98PH6,589
Q98PM0,376
Q98PN3,198
Q98PU6,257
Q98PW8,326
Q98Q32,179
Q98Q75,299
Q98Q81,414
Q98Q98,225
Q98QB6,468
Q98QJ8,228
Q98QJ9,256
Q98QT4,395
Q98QV3,272
Q98QX2,393
Q98R27,476
Q98R33,596
Q98R83,321
Q98RB3,149
Q98RG4,289
Q99040,536
Q99042,356
Q99055,520
Q99078,435
Q99156,486
Q99190,310
Q99321,188
Q99685,303
Q99J72,407
Q99JY0,475
Q99K82,555
Q99KU1,333
Q99LB2,279
Q99LF4,505
Q99LX0,189
Q99MZ7,303
Q99N42,471
Q99NB2,377
Q99PX1,427
Q99W51,156
Q99XS1,498
Q99ZM2,330
Q9A0M0,472
Q9A2M1,242
Q9A2M2,363
Q9A345,319
Q9A3H7,408
Q9A4C3,511
Q9A595,486
Q9A5Z2,237
Q9A6N1,232
Q9A716,280
Q9A777,485
Q9A7N4,333
Q9A7V7,294
Q9A8J2,352
Q9A8J4,154
Q9A9H3,371
Q9A9T7,289
Q9A9Z1,289
Q9A9Z2,595
Q9AAL4,426
Q9ABG6,290
Q9ABR0,267
Q9ACU1,564
Q9ADK0,293
Q9AE87,281
Q9AF21,303
Q9AFC7,408
Q9AI34,189
Q9AIP8,354
Q9AIX6,414
Q9AJC6,385
Q9AJD6,507
Q9AJE3,311
Q9AJE4,499
Q9AJN6,575
Q9AJS8,523
Q9AJU2,378
Q9ALN5,332
Q9ALN8,462
Q9ALN9,385
Q9ALP0,249
Q9AP35,180
Q9AQI0,227
Q9AQM4,290
Q9ASY9,221
Q9AVK0,372
Q9AWZ8,364
Q9AXM6,497
Q9BE01,396
Q9BGI2,274
Q9BGW0,230
Q9BHM6,399
Q9BIB3,364
Q9BPX1,270
Q9BRQ3,303
Q9BUX1,222
Q9BVS5,477
Q9BY41,377
Q9BZE2,481
Q9BZM2,211
Q9C0J1,378
Q9C0U6,555
Q9C1S9,476
Q9C1W3,457
Q9C2M6,282
Q9C509,544
Q9C551,537
Q9C680,525
Q9C6F5,290
Q9C6I4,336
Q9C6T1,505
Q9C6Z2,175
Q9C788,524
Q9C7G6,256
Q9C7U5,505
Q9C823,552
Q9C826,285
Q9C907,392
Q9C969,394
Q9C991,299
Q9C992,460
Q9C9B0,473
Q9C9P4,541
Q9CA40,147
Q9CAB7,195
Q9CAI3,355
Q9CAY3,502
Q9CBU1,312
Q9CCP9,224
Q9CCR4,430
Q9CET9,354
Q9CEU2,279
Q9CF42,300
Q9CF50,358
Q9CFB4,314
Q9CFC3,474
Q9CFV1,157
Q9CFY8,312
Q9CG49,499
Q9CG73,309
Q9CGE3,349
Q9CH26,466
Q9CHK3,451
Q9CHQ8,217
Q9CHW3,216
Q9CIF5,347
Q9CIU7,275
Q9CIV6,123
Q9CIV7,192
Q9CKB7,380
Q9CKG8,337
Q9CKJ2,513
Q9CLA9,260
Q9CLE1,245
Q9CLP2,472
Q9CMB5,170
Q9CMY9,345
Q9CN08,244
Q9CNH7,234
Q9CNL6,467
Q9CPU4,153
Q9CPW9,335
Q9CPY7,519
Q9CQA9,190
Q9CQJ0,248
Q9CQT7,168
Q9CQU0,170
Q9CR68,274
Q9CRB3,118
Q9CWS0,285
Q9CX98,530
Q9CXT8,489
Q9CYA0,350
Q9CYR6,542
Q9D099,267
Q9D0M3,325
Q9D0U1,298
Q9D106,387
Q9D142,222
Q9D291,194
Q9D3R6,539
Q9D6K9,414
Q9D7B1,493
Q9D826,390
Q9D9M5,241
Q9DAR7,338
Q9DCT1,301
Q9DCX8,285
Q9DGD1,464
Q9EPL5,464
Q9EPR2,192
Q9EQC0,411
Q9EQC1,369
Q9EQV9,422
Q9ERD9,407
Q9ERI2,221
Q9ESM0,433
Q9EST2,292
Q9ESW8,209
Q9EUT9,387
Q9EV79,242
Q9EWI9,391
Q9EWS0,317
Q9EX73,297
Q9EYU0,474
Q9EYW9,464
Q9F0Q6,246
Q9F282,399
Q9F2F9,382
Q9F3C7,314
Q9F3E6,237
Q9F411,202
Q9F466,236
Q9F5K5,250
Q9F7Q9,364
Q9FAF8,549
Q9FAW5,178
Q9FC36,278
Q9FCA6,404
Q9FCA7,374
Q9FCC2,428
Q9FDA3,400
Q9FDS1,503
Q9FG67,506
Q9FGH4,476
Q9FGN1,435
Q9FHE8,392
Q9FJ95,364
Q9FJR1,334
Q9FKB3,310
Q9FKI4,192
Q9FKT9,320
Q9FLM1,374
Q9FLP9,431
Q9FLZ5,412
Q9FM54,131
Q9FMR0,331
Q9FMW8,354
Q9FMX7,198
Q9FN02,413
Q9FNA2,472
Q9FNJ9,482
Q9FNP9,452
Q9FNY7,365
Q9FPH3,355
Q9FPW3,440
Q9FR82,446
Q9FRX6,562
Q9FS87,412
Q9FSC0,391
Q9FT88,430
Q9FT97,410
Q9FTZ2,219
Q9FUZ2,273
Q9FV46,587
Q9FV51,344
Q9FX01,439
Q9FXW4,488
Q9FXY7,577
Q9FY51,358
Q9FY79,569
Q9FYC2,537
Q9FYC4,348
Q9FZ22,530
Q9FZH5,441
Q9GJX5,504
Q9GKU5,347
Q9GLP2,459
Q9GLW9,215
Q9GMY2,388
Q9GNF0,492
Q9GPS6,316
Q9GUI1,355
Q9GV45,196
Q9GZT9,426
Q9H0N5,130
Q9H227,469
Q9H237,461
Q9H2A2,160
Q9H3Y6,488
Q9H477,322
Q9H479,309
Q9H553,416
Q9H7B4,428
Q9H7Z7,377
Q9H8H3,244
Q9HB03,270
Q9HBK9,375
Q9HCC0,563
Q9HCC8,539
Q9HDW1,502
Q9HDW9,248
Q9HE08,228
Q9HFU4,434
Q9HGR3,292
Q9HH09,473
Q9HH99,270
Q9HHC4,559
Q9HIA9,220
Q9HIC2,310
Q9HII0,209
Q9HII1,433
Q9HII9,305
Q9HIJ2,200
Q9HIM0,414
Q9HIN1,318
Q9HIW7,229
Q9HJ16,352
Q9HJ19,307
Q9HJ35,286
Q9HJ93,288
Q9HJM3,200
Q9HJN6,339
Q9HJS1,405
Q9HJT0,257
Q9HJT3,287
Q9HJT5,241
Q9HK01,493
Q9HK06,322
Q9HK30,182
Q9HK44,202
Q9HK58,254
Q9HKE4,202
Q9HKK0,166
Q9HKR6,310
Q9HKS9,396
Q9HKT1,262
Q9HKZ7,324
Q9HLB6,216
Q9HLB9,333
Q9HLC0,294
Q9HLI6,496
Q9HLJ0,410
Q9HLV2,588
Q9HLV3,336
Q9HLV9,228
Q9HLW7,176
Q9HLX1,245
Q9HLY3,338
Q9HMH9,422
Q9HMQ2,396
Q9HMY5,396
Q9HN66,380
Q9HNE6,345
Q9HNN7,548
Q9HNP1,288
Q9HNU7,338
Q9HNZ0,509
Q9HNZ1,374
Q9HP68,302
Q9HPL2,199
Q9HQ46,481
Q9HQM3,292
Q9HQT7,255
Q9HQU4,499
Q9HRE8,339
Q9HRF0,303
Q9HRI1,287
Q9HS81,264
Q9HTB6,304
Q9HTC0,381
Q9HTE3,399
Q9HTF1,346
Q9HTK1,178
Q9HTR2,349
Q9HU05,185
Q9HU77,453
Q9HU92,266
Q9HUF7,268
Q9HUI8,559
Q9HUI9,393
Q9HUW5,591
Q9HV31,477
Q9HV34,349
Q9HV68,126
Q9HV71,162
Q9HW09,303
Q9HW50,258
Q9HW51,251
Q9HWF9,154
Q9HWG9,402
Q9HWH2,334
Q9HWI0,346
Q9HWK6,462
Q9HX08,209
Q9HX48,189
Q9HX69,392
Q9HXC7,218
Q9HXE3,375
Q9HXE4,315
Q9HXE9,238
Q9HY23,123
Q9HY65,382
Q9HY69,389
Q9HYC5,408
Q9HYF1,496
Q9HYG7,123
Q9HYV7,350
Q9HZ55,386
Q9HZ76,359
Q9HZK8,261
Q9HZU0,415
Q9HZU2,208
Q9HZU3,250
Q9I0F2,304
Q9I0K4,531
Q9I0N5,201
Q9I0R8,587
Q9I104,587
Q9I1K1,565
Q9I1L4,291
Q9I1M2,410
Q9I1Q5,337
Q9I291,279
Q9I2A0,300
Q9I2H6,189
Q9I2N0,559
Q9I2Y2,205
Q9I3T5,346
Q9I452,284
Q9I468,331
Q9I471,435
Q9I472,203
Q9I485,580
Q9I4D3,315
Q9I4E3,254
Q9I4V0,328
Q9I4X3,517
Q9I526,299
Q9I5I6,298
Q9I5J6,230
Q9I6C8,476
Q9I6F6,217
Q9I6J2,456
Q9I6K2,318
Q9I6R0,401
Q9I6T2,370
Q9I6V7,280
Q9I6Z0,449
Q9I700,448
Q9I739,430
Q9I7C1,257
Q9I7S8,429
Q9I7X6,456
Q9I9K9,422
Q9JHI8,578
Q9JHK4,567
Q9JI60,231
Q9JIG1,359
Q9JIX3,150
Q9JIY5,458
Q9JJ05,363
Q9JJS6,566
Q9JKJ9,470
Q9JKX6,218
Q9JLJ2,494
Q9JLJ5,279
Q9JLV6,522
Q9JLZ3,314
Q9JMK0,388
Q9JN41,199
Q9JPB5,525
Q9JPD1,251
Q9JRN5,344
Q9JRN7,294
Q9JRW9,440
Q9JTA1,303
Q9JTI8,468
Q9JTM3,229
Q9JTR9,254
Q9JU03,261
Q9JU41,255
Q9JUA5,192
Q9JWJ7,291
Q9JXT8,251
Q9JXU9,436
Q9JXY0,231
Q9JYY8,354
Q9JZW4,281
Q9K0Q5,212
Q9K0U7,382
Q9K0V4,380
Q9K107,502
Q9K139,351
Q9K168,162
Q9K188,334
Q9K498,461
Q9K499,361
Q9K4B1,266
Q9K4E3,281
Q9K4U5,257
Q9K5W7,284
Q9K623,271
Q9K6B8,275
Q9K6U4,201
Q9K7C3,517
Q9K8G2,328
Q9K8U9,561
Q9K8X7,316
Q9KAH3,288
Q9KAH8,438
Q9KBI9,210
Q9KBR3,399
Q9KC82,438
Q9KCM5,439
Q9KCY8,211
Q9KCZ4,330
Q9KD90,187
Q9KD91,207
Q9KDJ6,375
Q9KDL0,344
Q9KDN4,333
Q9KDW4,105
Q9KDX6,476
Q9KET5,332
Q9KFH7,345
Q9KFI7,512
Q9KHA1,472
Q9KHT9,397
Q9KJ20,565
Q9KJ21,279
Q9KJE8,406
Q9KK62,317
Q9KKL3,276
Q9KKY1,282
Q9KLJ3,362
Q9KM71,317
Q9KMX5,494
Q9KNA8,469
Q9KNI0,387
Q9KP66,309
Q9KPK1,161
Q9KQI0,267
Q9KS61,288
Q9KSB2,215
Q9KST2,523
Q9KSZ1,231
Q9KTG1,416
Q9KTJ4,186
Q9KTL4,244
Q9KU08,500
Q9KUA9,294
Q9KVG8,355
Q9KVK6,432
Q9KVL7,417
Q9KVT8,377
Q9KWG3,374
Q9KWL3,315
Q9KWN1,249
Q9KWR0,326
Q9KWS3,256
Q9KWS5,491
Q9KX58,426
Q9KXR3,428
Q9KXR5,380
Q9KYP1,216
Q9L0Q8,270
Q9L0T8,282
Q9L214,511
Q9L4M8,385
Q9L4U6,443
Q9L6B8,504
Q9L6L9,233
Q9L6Q3,246
Q9L6R4,420
Q9L6V3,270
Q9L7R9,292
Q9L8R8,250
Q9L9C1,440
Q9L9D7,574
Q9L9F1,323
Q9L9F2,262
Q9L9F5,379
Q9L9G2,362
Q9LA06,408
Q9LBV3,257
Q9LBW5,199
Q9LCB4,440
Q9LCV9,573
Q9LD00,314
Q9LD12,312
Q9LD13,312
Q9LDH0,534
Q9LDR4,369
Q9LDU6,432
Q9LE73,207
Q9LE86,357
Q9LEN0,483
Q9LEW8,326
Q9LFR7,344
Q9LFT6,258
Q9LFT8,505
Q9LFU5,593
Q9LFU9,149
Q9LHL5,317
Q9LHQ7,370
Q9LIK0,596
Q9LJK1,501
Q9LJK3,296
Q9LLB0,510
Q9LLR9,547
Q9LM02,336
Q9LM59,599
Q9LMM5,369
Q9LMR3,358
Q9LMS3,581
Q9LNJ4,510
Q9LNL0,310
Q9LNL1,336
Q9LPQ3,307
Q9LQ04,301
Q9LQM8,305
Q9LRC8,527
Q9LRZ6,598
Q9LSA9,339
Q9LSH2,494
Q9LSP0,339
Q9LSY9,473
Q9LT10,335
Q9LTV6,298
Q9LTX3,530
Q9LU63,220
Q9LUJ8,459
Q9LVD0,289
Q9LVI9,426
Q9LVM5,324
Q9LVW3,468
Q9LX33,326
Q9LXC9,300
Q9LXG9,293
Q9LXI7,427
Q9LXN8,158
Q9LXR9,348
Q9LXT4,242
Q9LY82,366
Q9LYD8,585
Q9LYR2,274
Q9LYT1,488
Q9LYT7,253
Q9LZ72,464
Q9LZC3,562
Q9LZJ3,460
Q9LZV3,448
Q9M001,399
Q9M076,462
Q9M0A7,250
Q9M0Y6,397
Q9M149,401
Q9M156,480
Q9M1R1,454
Q9M1R2,530
Q9M1T1,350
Q9M2E2,296
Q9M2W2,292
Q9M2W3,233
Q9M2Y8,470
Q9M3B0,598
Q9M3B1,518
Q9M3W5,378
Q9M424,498
Q9M4W3,236
Q9M643,280
Q9M6E2,440
Q9M7B8,542
Q9M7I7,318
Q9M8S8,271
Q9M8T9,247
Q9MA46,471
Q9MAL0,246
Q9MB73,511
Q9MBA1,536
Q9MT28,519
Q9MUM4,415
Q9MV14,329
Q9MZ30,355
Q9MZV6,410
Q9N0J6,339
Q9N126,312
Q9N491,330
Q9N4D9,234
Q9N589,588
Q9N5L4,485
Q9NFT7,486
Q9NFT9,465
Q9NGA0,392
Q9NJP9,512
Q9NKW1,441
Q9NPF2,352
Q9NPH0,271
Q9NR45,359
Q9NRB3,414
Q9NRW3,190
Q9NSU2,314
Q9NUJ1,306
Q9NUQ2,364
Q9NV35,164
Q9NVH6,421
Q9NVS9,218
Q9NVV4,582
Q9NWW6,199
Q9NXS2,382
Q9NYA1,470
Q9NYQ3,351
Q9NZ20,509
Q9P358,370
Q9P381,439
Q9P451,285
Q9P4B6,320
Q9P4D8,280
Q9P4E6,453
Q9P4S5,531
Q9P4U9,296
Q9P6I0,441
Q9P6I3,442
Q9P6J1,518
Q9P6J3,579
Q9P6N2,229
Q9P6P9,425
Q9P6Q2,216
Q9P7B4,259
Q9P7C9,304
Q9P7D2,341
Q9P7E3,378
Q9P7L3,268
Q9P7P7,330
Q9P7T0,431
Q9P7T7,249
Q9P7W2,204
Q9P7X4,507
Q9P7Y7,282
Q9P804,548
Q9P979,281
Q9P9L2,304
Q9PAF5,466
Q9PAY7,443
Q9PB58,426
Q9PBC2,466
Q9PBJ4,292
Q9PC24,545
Q9PDA6,416
Q9PEH8,255
Q9PEM9,401
Q9PET8,260
Q9PFV5,273
Q9PH03,285
Q9PHY2,300
Q9PIH5,235
Q9PIK8,364
Q9PIR7,393
Q9PJ54,157
Q9PJU0,216
Q9PJW2,269
Q9PK32,437
Q9PK57,567
Q9PK61,481
Q9PKF5,327
Q9PKK0,372
Q9PKK7,256
Q9PKR7,228
Q9PKX7,479
Q9PL68,291
Q9PLI3,431
Q9PLK4,226
Q9PLP9,356
Q9PMD4,406
Q9PMZ6,353
Q9PN78,226
Q9PP04,483
Q9PP76,266
Q9PPE0,175
Q9PPF1,187
Q9PPP3,290
Q9PQ36,402
Q9PQK5,578
Q9PQS1,521
Q9PQU3,329
Q9PQU6,521
Q9PQV8,321
Q9PQW8,333
Q9PR30,156
Q9PT41,259
Q9QUL3,142
Q9QX60,277
Q9QXE0,581
Q9QXJ0,377
Q9QXX3,151
Q9QYG8,261
Q9QZX7,339
Q9R092,317
Q9R1A9,236
Q9R1C6,564
Q9R381,145
Q9R9I1,458
Q9R9J2,400
Q9R9N3,447
Q9RA13,108
Q9RAH6,301
Q9RBG5,394
Q9RBP4,238
Q9RBP5,226
Q9RBU1,362
Q9RBW7,153
Q9RCG0,429
Q9RDE5,340
Q9RDE9,431
Q9RDY2,497
Q9RFS6,250
Q9RGM3,292
Q9RGX8,353
Q9RH04,222
Q9RHX4,426
Q9RI72,241
Q9RJ16,486
Q9RKF1,492
Q9RL45,250
Q9RLM4,420
Q9RN59,134
Q9RNM2,486
Q9RPQ3,216
Q9RPU2,170
Q9RPU5,429
Q9RPW8,331
Q9RR29,356
Q9RR31,474
Q9RR46,397
Q9RR91,195
Q9RR97,356
Q9RRB7,314
Q9RRC1,168
Q9RRT0,241
Q9RRU5,307
Q9RSE6,435
Q9RSI4,436
Q9RSQ3,444
Q9RSX8,353
Q9RT03,253
Q9RTN2,277
Q9RTP4,210
Q9RUD2,320
Q9RUF5,415
Q9RUN5,427
Q9RUV0,255
Q9RV62,280
Q9RV96,344
Q9RV98,316
Q9RVA6,426
Q9RVG1,278
Q9RVH4,435
Q9RVK2,159
Q9RW02,299
Q9RW24,226
Q9RWA5,336
Q9RWB2,377
Q9RWD6,218
Q9RWN9,482
Q9RWS1,444
Q9RWV7,330
Q9RX45,260
Q9RX54,262
Q9RXR0,133
Q9RY70,308
Q9RYB4,216
Q9RYB5,405
Q9RYR9,269
Q9RYX4,439
Q9RYX9,280
Q9RZ05,399
Q9S0X3,181
Q9S157,321
Q9S169,286
Q9S1G9,327
Q9S2B5,441
Q9S2L4,323
Q9S2N0,167
Q9S2R1,357
Q9S2V2,223
Q9S2W7,506
Q9S3U8,373
Q9S3U9,429
Q9S468,564
Q9S4D5,256
Q9S5E2,368
Q9S605,506
Q9S762,411
Q9S7U9,363
Q9S7X6,258
Q9S7Z3,485
Q9S816,521
Q9S834,298
Q9S850,393
Q9SAA2,271
Q9SAC0,367
Q9SAH5,164
Q9SAH9,332
Q9SB00,496
Q9SB58,407
Q9SBJ1,366
Q9SBK6,392
Q9SBL1,492
Q9SBQ8,451
Q9SCG9,367
Q9SCX9,400
Q9SE42,228
Q9SE50,461
Q9SE93,264
Q9SEE5,496
Q9SEH5,381
Q9SFB7,439
Q9SFU3,532
Q9SGD6,413
Q9SGU9,441
Q9SHJ5,585
Q9SI61,566
Q9SID2,307
Q9SIS4,417
Q9SIY3,210
Q9SIY8,580
Q9SJH7,509
Q9SJQ9,358
Q9SJZ2,329
Q9SKB3,548
Q9SKX2,518
Q9SL43,192
Q9SL92,367
Q9SLD2,520
Q9SLG2,372
Q9SLN8,343
Q9SLP4,314
Q9SM44,522
Q9SMT7,514
Q9SMY7,525
Q9SND6,342
Q9SNN8,542
Q9SP62,383
Q9SPB1,523
Q9SPP9,540
Q9SR15,402
Q9SR40,567
Q9SR43,329
Q9SSE7,381
Q9STY3,594
Q9STZ3,531
Q9SU14,282
Q9SU87,307
Q9SU91,336
Q9SU94,390
Q9SUC0,347
Q9SUC5,237
Q9SUR6,422
Q9SUY9,451
Q9SV64,367
Q9SVP6,317
Q9SW18,312
Q9SWB8,247
Q9SWQ9,419
Q9SWS1,230
Q9SXJ6,309
Q9SXP7,235
Q9SYK0,580
Q9SYL6,348
Q9SZ42,323
Q9SZ46,524
Q9SZ63,309
Q9SZB9,325
Q9SZE1,334
Q9SZH2,326
Q9SZY8,414
Q9SZZ8,310
Q9T003,382
Q9T071,493
Q9T0J9,554
Q9TLW8,266
Q9TLX3,282
Q9TLX4,269
Q9TM69,347
Q9TTJ5,299
Q9TV68,335
Q9TVL3,445
Q9TY03,136
Q9TYU5,458
Q9TZH6,142
Q9U2M4,465
Q9U3N5,247
Q9U518,590
Q9UAG7,397
Q9UAY4,589
Q9UBM8,478
Q9UBR1,384
Q9UBV7,327
Q9UBX1,484
Q9UGB7,285
Q9UH17,382
Q9UHJ6,478
Q9UIC8,334
Q9UK23,515
Q9UKU7,415
Q9ULI2,307
Q9ULX7,337
Q9UP65,551
Q9UQ49,428
Q9UR19,361
Q9URV1,438
Q9URY4,583
Q9URY5,427
Q9URZ0,436
Q9URZ1,230
Q9URZ7,408
Q9US27,300
Q9US33,270
Q9US35,415
Q9US43,204
Q9USJ1,298
Q9USL6,327
Q9USS0,220
Q9USS6,462
Q9UT35,556
Q9UT60,368
Q9UT75,434
Q9UT88,426
Q9UT94,231
Q9UTA5,237
Q9UTB2,479
Q9UTC5,235
Q9UTF7,334
Q9UTH1,368
Q9UTI0,337
Q9UTI3,177
Q9UTI6,365
Q9UTJ2,257
Q9UTK9,449
Q9UTM7,378
Q9UTQ1,231
Q9UTR6,396
Q9UU88,175
Q9UUA6,279
Q9UUN9,343
Q9UV68,485
Q9UVC3,512
Q9UWQ5,342
Q9UWW2,573
Q9UX10,222
Q9UX16,209
Q9UX20,233
Q9UX21,224
Q9UX29,323
Q9UXB2,336
Q9UXT3,139
Q9UXX9,425
Q9UY11,385
Q9UY84,329
Q9UY99,439
Q9UYT4,295
Q9UYU5,446
Q9UYV8,262
Q9UYX4,212
Q9UYX5,194
Q9UYZ1,395
Q9UZ56,202
Q9UZ81,179
Q9UZC0,243
Q9V074,194
Q9V0N0,300
Q9V173,158
Q9V1E8,443
Q9V1G7,208
Q9V1H9,332
Q9V1I4,364
Q9V1J7,253
Q9V242,401
Q9V270,523
Q9V2A7,148
Q9V2C6,302
Q9V3D2,390
Q9V3R6,394
Q9V3T9,466
Q9V5E1,541
Q9V6X7,402
Q9V813,289
Q9VAI0,219
Q9VDD9,320
Q9VF36,102
Q9VFL5,582
Q9VG09,429
Q9VG74,372
Q9VH58,257
Q9VHB9,521
Q9VI58,560
Q9VI85,251
Q9VIP7,283
Q9VIT2,189
Q9VJQ4,427
Q9VK89,578
Q9VLA1,409
Q9VLP9,326
Q9VMC9,300
Q9VMD5,489
Q9VMV6,198
Q9VQC4,487
Q9VR56,319
Q9VRQ9,340
Q9VSY6,270
Q9VTG7,479
Q9VUL9,503
Q9VV72,467
Q9VV87,316
Q9VV96,182
Q9VVX5,497
Q9VWP4,573
Q9VWV9,525
Q9VXT7,332
Q9VYB7,499
Q9VYX7,203
Q9VZ64,243
Q9VZS6,442
Q9W092,484
Q9W0I6,592
Q9W2M2,596
Q9W385,190
Q9W3U1,537
Q9W589,490
Q9W5X9,287
Q9WTK8,358
Q9WUA2,589
Q9WVL0,216
Q9WVM8,425
Q9WVS4,420
Q9WVS7,118
Q9WXE6,321
Q9WXG7,277
Q9WXM1,345
Q9WXS3,539
Q9WXW3,421
Q9WY51,466
Q9WY79,490
Q9WYC5,419
Q9WYH0,376
Q9WYH1,412
Q9WYH8,338
Q9WYJ1,401
Q9WYJ4,356
Q9WYN2,184
Q9WYS1,481
Q9WYT5,282
Q9WYV8,282
Q9WYZ0,358
Q9WZ15,281
Q9WZ56,548
Q9WZG8,222
Q9WZH8,460
Q9WZR0,524
Q9WZR1,233
Q9WZT7,434
Q9WZZ1,376
Q9X024,490
Q9X034,406
Q9X037,114
Q9X049,492
Q9X051,523
Q9X059,402
Q9X0C4,378
Q9X0C5,197
Q9X0C8,201
Q9X0D1,428
Q9X0L3,217
Q9X0N8,220
Q9X0X0,230
Q9X0X6,452
Q9X0X7,400
Q9X0Y2,377
Q9X191,413
Q9X196,368
Q9X1A7,180
Q9X1B7,270
Q9X1C0,384
Q9X1C1,306
Q9X1F7,275
Q9X1I0,317
Q9X1K5,386
Q9X1L0,236
Q9X1S1,417
Q9X1T3,354
Q9X1X6,241
Q9X220,388
Q9X2A1,409
Q9X2E6,388
Q9X3X2,242
Q9X404,414
Q9X405,181
Q9X406,366
Q9X449,393
Q9X4F7,213
Q9X4Y0,490
Q9X5D0,410
Q9X5T6,349
Q9X6B2,176
Q9X758,395
Q9X759,577
Q9X7M4,258
Q9X8I0,119
Q9X9X7,316
Q9XA15,253
Q9XAB7,261
Q9XAQ2,208
Q9XB59,273
Q9XB60,250
Q9XB61,503
Q9XC60,372
Q9XC67,461
Q9XCW3,192
Q9XDE8,262
Q9XEE9,463
Q9XEX4,293
Q9XFW4,390
Q9XG54,376
Q9XGA0,406
Q9XGA1,318
Q9XGM8,444
Q9XGY6,352
Q9XH32,222
Q9XHC6,513
Q9XHE7,500
Q9XHM5,345
Q9XI84,482
Q9XJ32,556
Q9XT87,332
Q9XTW2,512
Q9XU84,479
Q9XVE5,442
Q9XVS1,380
Q9XWE6,206
Q9XWE9,360
Q9XXC8,346
Q9XYQ1,319
Q9XZ43,572
Q9XZT6,250
Q9Y194,552
Q9Y2B1,443
Q9Y2B2,252
Q9Y2G5,380
Q9Y303,594
Q9Y3E5,179
Q9Y5K3,369
Q9Y673,324
Q9Y6A2,500
Q9Y6K8,536
Q9Y6N5,450
Q9Y6Z9,255
Q9Y765,306
Q9Y7D0,363
Q9Y7F7,351
Q9Y7J0,376
Q9Y7J3,373
Q9Y7J6,551
Q9Y7L7,160
Q9Y7M1,568
Q9Y7P2,494
Q9Y7S9,564
Q9Y7T6,504
Q9Y7U3,209
Q9Y7Y4,387
Q9Y7Y5,369
Q9Y8K1,250
Q9Y8K2,267
Q9Y8K3,108
Q9Y8T7,261
Q9Y935,492
Q9Y946,324
Q9Y948,235
Q9Y9I0,283
Q9Y9J0,307
Q9Y9U7,442
Q9YA27,132
Q9YAB6,411
Q9YAZ7,267
Q9YB80,481
Q9YBA2,375
Q9YBF0,197
Q9YBF8,583
Q9YBI2,424
Q9YBL2,389
Q9YBS3,194
Q9YBW7,279
Q9YBX8,309
Q9YC65,418
Q9YC66,219
Q9YC89,241
Q9YCI2,467
Q9YCR6,183
Q9YDI2,294
Q9YDM5,388
Q9YDW0,471
Q9YDX2,192
Q9YDY1,197
Q9YDY7,407
Q9YE01,333
Q9YE03,239
Q9YE84,370
Q9YEA9,237
Q9YEN3,214
Q9YER0,219
Q9YER8,172
Q9YES0,361
Q9YES5,255
Q9YEU2,458
Q9YEV3,355
Q9YF05,174
Q9YFM7,308
Q9YFT9,545
Q9YG90,272
Q9YGX2,533
Q9YH58,541
Q9Z0F6,389
Q9Z0G2,565
Q9Z0R9,444
Q9Z137,324
Q9Z186,355
Q9Z1M5,347
Q9Z1N4,308
Q9Z222,397
Q9Z223,126
Q9Z2A7,498
Q9Z2Q3,473
Q9Z339,241
Q9Z3Q0,587
Q9Z3R1,495
Q9Z3R8,551
Q9Z3S1,232
Q9Z408,401
Q9Z4H7,413
Q9Z4P0,588
Q9Z4Z5,333
Q9Z580,497
Q9Z596,279
Q9Z5B5,463
Q9Z5X5,419
Q9Z661,421
Q9Z6V6,180
Q9Z6V8,476
Q9Z735,376
Q9Z736,427
Q9Z7C9,526
Q9Z7E9,134
Q9Z7P2,584
Q9Z820,200
Q9Z832,191
Q9Z8B3,256
Q9Z8B6,503
Q9Z8F8,499
Q9Z8P2,248
Q9Z8S4,192
Q9Z9P2,380
Q9Z9U1,343
Q9ZA11,506
Q9ZA32,443
Q9ZA33,342
Q9ZAA7,145
Q9ZAA8,107
Q9ZAD8,575
Q9ZB26,151
Q9ZBL1,279
Q9ZBM2,300
Q9ZBU1,418
Q9ZBV4,316
Q9ZCD3,259
Q9ZCJ3,280
Q9ZD09,189
Q9ZD20,408
Q9ZDR0,483
Q9ZDS8,495
Q9ZDV8,175
Q9ZE39,351
Q9ZE81,576
Q9ZET3,341
Q9ZFV5,229
Q9ZG90,422
Q9ZGE9,440
Q9ZGH6,237
Q9ZGH7,426
Q9ZGM1,204
Q9ZHQ1,420
Q9ZHQ4,395
Q9ZJ29,262
Q9ZJ75,217
Q9ZJA7,390
Q9ZJE3,187
Q9ZJF1,340
Q9ZJJ3,434
Q9ZJN8,237
Q9ZJT0,253
Q9ZKB5,290
Q9ZKD2,226
Q9ZKE7,166
Q9ZKM5,439
Q9ZKP2,243
Q9ZKQ9,377
Q9ZKS2,180
Q9ZKU4,519
Q9ZL20,421
Q9ZL40,344
Q9ZL45,176
Q9ZLB9,332
Q9ZLF6,433
Q9ZLI6,422
Q9ZLL5,173
Q9ZLN3,373
Q9ZLS8,289
Q9ZM35,163
Q9ZM68,237
Q9ZMJ9,355
Q9ZMU4,152
Q9ZMW6,305
Q9ZMY5,450
Q9ZN37,426
Q9ZNE0,418
Q9ZNJ8,172
Q9ZNN8,258
Q9ZNW0,464
Q9ZP27,578
Q9ZPY2,569
Q9ZPY9,566
Q9ZS34,464
Q9ZSK5,459
Q9ZT29,271
Q9ZT64,513
Q9ZTK5,439
Q9ZTP5,274
Q9ZTR0,342
Q9ZUB3,334
Q9ZUX1,495
Q9ZV04,350
Q9ZV06,236
Q9ZVI9,421
R1ENF4,504
R1F493,383
R4J7Z9,400
R9UTQ8,268
S0DX56,357
S0E627,393
S2KHP1,367
S3DQP8,358
S5M744,491
S7Q0E7,321
T1RRR9,594
T2FKR1,302
T2KMF9,353
U5HKE8,512
U5NE19,521
V5IPE4,327
V5LLZ9,510
V5YW53,311
W0FFD7,559
W0FKI0,503
W0HFN9,403
W0SKS3,400
W0W999,299
W3XA95,281
W3XAA0,277
W4VSJ0,559
W5QJZ5,367
W5U2K2,289
W6Q0S4,484
W6Q1E9,287
W6RJ11,363
W7MLD8,530
W7MS01,510
W7MSI0,546
W8CV45,353
W8JIS5,515
W8JWW7,364
X2JE85,496
X4Y2L4,489
